-- --------------------------------------------------------
-- Host:                         127.0.0.1
-- Server version:               11.7.2-MariaDB - mariadb.org binary distribution
-- Server OS:                    Win64
-- HeidiSQL Version:             12.10.0.7000
-- --------------------------------------------------------

/*!40101 SET @OLD_CHARACTER_SET_CLIENT=@@CHARACTER_SET_CLIENT */;
/*!40101 SET NAMES utf8 */;
/*!50503 SET NAMES utf8mb4 */;
/*!40103 SET @OLD_TIME_ZONE=@@TIME_ZONE */;
/*!40103 SET TIME_ZONE='+00:00' */;
/*!40014 SET @OLD_FOREIGN_KEY_CHECKS=@@FOREIGN_KEY_CHECKS, FOREIGN_KEY_CHECKS=0 */;
/*!40101 SET @OLD_SQL_MODE=@@SQL_MODE, SQL_MODE='NO_AUTO_VALUE_ON_ZERO' */;
/*!40111 SET @OLD_SQL_NOTES=@@SQL_NOTES, SQL_NOTES=0 */;


-- Dumping database structure for tiendaonline
CREATE DATABASE IF NOT EXISTS `tiendaonline` /*!40100 DEFAULT CHARACTER SET latin1 COLLATE latin1_swedish_ci */;
USE `tiendaonline`;

-- Dumping structure for table tiendaonline.almacenes
CREATE TABLE IF NOT EXISTS `almacenes` (
  `Almacen_Id` int(11) NOT NULL AUTO_INCREMENT,
  `Nombre` varchar(50) DEFAULT NULL,
  `Direccion` varchar(255) DEFAULT NULL,
  PRIMARY KEY (`Almacen_Id`)
) ENGINE=InnoDB AUTO_INCREMENT=3 DEFAULT CHARSET=latin1 COLLATE=latin1_swedish_ci;

-- Dumping data for table tiendaonline.almacenes: ~0 rows (approximately)
REPLACE INTO `almacenes` (`Almacen_Id`, `Nombre`, `Direccion`) VALUES
	(1, 'Casa Sabadell', 'Sabadell 53'),
	(2, 'San Jeronimo', 'San Jeronimo');

-- Dumping structure for table tiendaonline.brands
CREATE TABLE IF NOT EXISTS `brands` (
  `Brand_Id` int(11) NOT NULL AUTO_INCREMENT,
  `Name` varchar(255) DEFAULT NULL,
  PRIMARY KEY (`Brand_Id`) USING BTREE
) ENGINE=InnoDB AUTO_INCREMENT=79 DEFAULT CHARSET=latin1 COLLATE=latin1_swedish_ci;

-- Dumping data for table tiendaonline.brands: ~72 rows (approximately)
REPLACE INTO `brands` (`Brand_Id`, `Name`) VALUES
	(1, 'Sin Marca'),
	(2, 'Pretul'),
	(3, 'Neuva Marca'),
	(4, 'Neuva Marca'),
	(5, 'Trupper'),
	(6, 'RH'),
	(7, 'Linmex Gas'),
	(8, 'IUSA'),
	(9, 'Comex'),
	(10, 'Coflex'),
	(11, 'Valucraft '),
	(12, 'Tuff Stuff'),
	(13, 'Würth '),
	(14, 'Tempo'),
	(15, 'Tempo'),
	(16, 'Pentosin'),
	(17, 'Tanner\'s Preserve'),
	(18, 'Coflex'),
	(19, 'Ryobi'),
	(20, 'Tuboplus'),
	(21, 'Fleximatic'),
	(22, 'Helvex'),
	(23, 'Foam Cleaner'),
	(24, 'Pinturas Acuario'),
	(25, 'Turner'),
	(26, 'Red Burn'),
	(27, 'Gefrieren'),
	(28, 'Derma Care'),
	(29, 'Grease Monkey'),
	(30, 'Fiero'),
	(31, 'Pretul'),
	(32, 'Milwaukee'),
	(33, 'Panel Rey'),
	(34, 'Calem'),
	(35, 'Square D'),
	(36, 'Royer'),
	(37, 'Estevez'),
	(38, 'INCO Sintex'),
	(39, 'Karcher'),
	(40, 'Scotch-Brite'),
	(41, 'Fester'),
	(42, 'Pons'),
	(43, 'Surtek'),
	(44, 'CADE Glove'),
	(45, 'Cabel'),
	(46, 'YORK'),
	(47, 'DeWalt'),
	(48, 'Blue Force'),
	(49, 'Bosch'),
	(50, 'Avaly'),
	(51, 'Klein Tools'),
	(52, 'Surtek'),
	(53, 'Coldtek'),
	(54, 'Enviro Meters'),
	(55, 'Pega-lon'),
	(56, 'Foset'),
	(57, 'Siler'),
	(58, 'Contact'),
	(59, 'EZ Weld'),
	(60, 'Alan'),
	(61, 'Grinding'),
	(62, 'Austromex'),
	(63, 'Fandeli'),
	(64, 'Truper'),
	(65, 'FOY'),
	(66, 'Tenazit'),
	(67, 'Ryobi'),
	(68, 'Pretul'),
	(69, 'Norton'),
	(70, 'Black+Decker'),
	(71, 'Skil'),
	(72, 'Energy'),
	(73, 'Schneider Electric'),
	(74, 'Tuboplus Rotoplas'),
	(75, 'OSRAM'),
	(76, 'Magg'),
	(77, 'Luceco'),
	(78, 'Hecort');

-- Dumping structure for table tiendaonline.categories
CREATE TABLE IF NOT EXISTS `categories` (
  `Category_Id` int(11) NOT NULL AUTO_INCREMENT,
  `Name` varchar(250) CHARACTER SET utf8mb4 COLLATE utf8mb4_unicode_ci DEFAULT NULL,
  `Order` int(11) DEFAULT 1,
  PRIMARY KEY (`Category_Id`) USING BTREE
) ENGINE=InnoDB AUTO_INCREMENT=243 DEFAULT CHARSET=latin1 COLLATE=latin1_swedish_ci;

-- Dumping data for table tiendaonline.categories: ~217 rows (approximately)
REPLACE INTO `categories` (`Category_Id`, `Name`, `Order`) VALUES
	(1, 'Sin Categoría', 1),
	(2, 'Material Eléctrico', 1),
	(3, 'Conduit Metálico', 1),
	(4, 'Canalizaciones eléctricas', 1),
	(6, 'Abrazaderas para tubería', 1),
	(8, 'Animales', 1),
	(9, 'Limpieza y Cuidado del Hogar', 1),
	(10, 'Control de Plagas', 1),
	(11, 'Insecticidas en Aerosol', 1),
	(12, 'Ferretería', 1),
	(15, 'Lubricantes y Aceites', 1),
	(16, 'Lubricantes en Aerosol', 1),
	(17, 'Combustible', 1),
	(18, 'Cartuchos de Gas', 1),
	(19, 'Pinturas y Recubrimientos', 1),
	(20, 'Esmaltes y Aerosoles', 1),
	(21, 'Esmaltes Acrílicos en Aerosol', 1),
	(22, 'Plomería', 1),
	(23, 'Filtros y Tratamiento de Agua', 1),
	(24, 'Filtros Antisarro', 1),
	(25, 'Albañileria / Construcción', 1),
	(26, 'Herramientas de Sujeción y Elevación', 1),
	(27, 'Trilés y Tornillos de Fijación', 1),
	(28, 'Herramientas de Limpieza', 1),
	(29, 'Cepillos Manuales', 1),
	(30, 'Materiales de Construcción', 1),
	(31, 'Metales y Aceros', 1),
	(32, 'Placas Metálicas', 1),
	(33, 'Automotriz', 1),
	(34, 'Eléctrico automotriz ', 1),
	(35, 'Baterías para Auto', 1),
	(36, 'Limpiadores de Tapicería y Alfombra', 1),
	(37, 'Selladores y Adhesivos', 1),
	(38, 'Silicones de Alta Temperatura', 1),
	(39, 'Mantenimiento Automotriz', 1),
	(40, 'Ceras y Pulidores Automotrices ', 1),
	(41, 'Anticongelantes y Refrigerantes', 1),
	(42, 'Suspensión y Dirección', 1),
	(43, 'Rótulas y Terminales', 1),
	(44, 'Sistema de Dirección', 1),
	(45, 'Líquido para Dirección Hidráulica', 1),
	(46, 'Limpiadores para Cuero', 1),
	(47, 'Conexiones Flexibles', 1),
	(48, 'Conectores para Boiler', 1),
	(49, 'Conexiones para Lavabo', 1),
	(50, 'Conexiones Galvanizadas', 1),
	(51, 'Niples', 1),
	(52, 'Reducciones', 1),
	(53, 'Accesorios para Herramientas Eléctricas', 1),
	(54, 'Mangos y Empuñaduras', 1),
	(55, 'Válvulas', 1),
	(56, 'Válvulas Metálicas', 1),
	(57, 'Conexiones Plásticas', 1),
	(58, 'Conectores Macho', 1),
	(59, 'Conexiones Tipo Tee', 1),
	(60, 'Válvulas Plásticas', 1),
	(61, 'Válvulas de Globo', 1),
	(62, 'Tubería Polipropileno Random (PPR)', 1),
	(63, 'Conexiones PPR', 1),
	(64, 'Codos', 1),
	(65, 'Tapones', 1),
	(66, 'Conexiones CPVC', 1),
	(67, 'Coples', 1),
	(68, 'Empaque y Embalaje', 1),
	(69, 'Película Stretch', 1),
	(71, 'Conduit Flexible', 1),
	(72, 'Accesorios Eléctricos', 1),
	(73, 'Tapas Ciegas', 1),
	(74, 'Eléctrico ', 1),
	(75, 'Llaves y Válvulas', 1),
	(76, 'Llaves Temporizadas', 1),
	(77, 'Fluxómetros', 1),
	(78, 'Refacciones para Fluxómetros', 1),
	(79, 'Refacciones para Fluxómetros', 1),
	(80, 'Empaques y Sellos', 1),
	(81, 'Atomizadores', 1),
	(82, 'Productos de Limpieza Industrial', 1),
	(83, 'Limpiadores Multiusos', 1),
	(84, 'Contenedores y Envases', 1),
	(85, 'Cables y Conectores', 1),
	(86, 'Extensiones Eléctricas', 1),
	(87, 'Cable uso Rudo', 1),
	(88, 'Componentes Electrónicos', 1),
	(89, 'Capacitores', 1),
	(90, 'Cartuchos de Oxígeno', 1),
	(91, 'Cartuchos MAP-Pro', 1),
	(92, 'Cartuchos de Propileno', 1),
	(93, 'Refrigerantes y Gases Técnicos', 1),
	(94, 'Refrigerante R-134a', 1),
	(95, 'Equipo de Seguridad / Protección', 1),
	(96, 'Guantes de Limpieza', 1),
	(97, 'Herramientas para Manualidades', 1),
	(98, 'Pistolas de Silicón', 1),
	(99, 'Guantes Desechables', 1),
	(100, 'Conectores y Accesorios de Iluminación', 1),
	(101, 'Zócalos para Tubos T8', 1),
	(102, 'Soportes para Luminarias', 1),
	(103, 'Tornillos Autoperforantes', 1),
	(104, 'Tornillería', 1),
	(105, 'Cadenas y Cables', 1),
	(106, 'Cadenas de Acero', 1),
	(107, 'Ganchos', 1),
	(108, 'Tornillería y Sujeción', 1),
	(109, 'Herramientas de Mano', 1),
	(110, 'Llaves Inglesas', 1),
	(111, 'Llaves combinadas (Mixta)', 1),
	(112, 'Mango de trinquete (matraca)', 1),
	(114, 'Extensiónes con dado', 1),
	(115, 'Llaves Españolas', 1),
	(116, 'Llaves Dobles Fijas', 1),
	(117, 'Dados', 1),
	(118, 'Alambre Galvanizado', 1),
	(119, 'Alambre Recocido', 1),
	(120, 'Herramientas Eléctricas', 1),
	(121, 'Equipos de Corte Eléctrico', 1),
	(122, 'Tronzadoras', 1),
	(123, 'Bombas Sumergibles', 1),
	(124, 'Bombas', 1),
	(126, 'Herramientas de Corte Manual', 1),
	(127, 'Seguetas', 1),
	(128, 'Herrajes para Portón', 1),
	(129, 'Ruedas y Rodamientos', 1),
	(131, 'Herramientas y Accesorios para Electricista /  instalaciones eléctricas', 1),
	(132, 'Guías jalacables', 1),
	(133, 'Elementos de Sujeción o piezas estructurales ligeras.', 1),
	(134, 'Flejes Metálicos', 1),
	(135, 'Cintas Especializadas', 1),
	(136, 'Acabados para Tablaroca', 1),
	(137, 'Cintas de Refuerzo', 1),
	(138, 'Cables de Acero', 1),
	(141, 'Cintas', 1),
	(142, 'Papelería', 1),
	(143, 'Acabados Decorativos', 1),
	(144, 'Viniles Adhesivos', 1),
	(145, 'Interruptores/ Breakers Termomagnéticos', 1),
	(146, 'Interruptores de Seguridad', 1),
	(147, 'Hidrolavadoras / Equipos de Limpieza a Presión', 1),
	(148, 'Cables uso general o Cables unipolares', 1),
	(149, 'Hilos y Cuerdas para Trazado', 1),
	(150, 'Hilos y Cuerdas', 1),
	(151, 'Herramientas Auxiliares para la Contrucción / Albañileria', 1),
	(152, 'Cinceles', 1),
	(153, 'Cinceles para Rotomartillo', 1),
	(154, 'Herramientas de Golpe Manuales', 1),
	(155, 'Herramientas de Excavación Manuales', 1),
	(156, 'Picos y Rastrillos', 1),
	(157, 'Albañileria', 1),
	(158, 'Charolas', 1),
	(159, 'Cuñas', 1),
	(160, 'Separadores para Loseta', 1),
	(161, 'Brocas', 1),
	(162, 'Brocas para Concreto', 1),
	(163, 'Herramientas y Accesorios para Pintar', 1),
	(164, 'Cepillos para Preparación de Superficie', 1),
	(165, 'Aplicadores de Pintura Manuales', 1),
	(166, 'Brochas', 1),
	(167, 'Selladores para Llantas', 1),
	(168, 'Fibras y Esponjas', 1),
	(169, 'Herramientas de Mezcla', 1),
	(170, 'Mezcladoras', 1),
	(171, 'Herramientas para acabados', 1),
	(172, 'Soportes Metálicos para Repisas / Ménsulas', 1),
	(173, 'Impermeabilizantes', 1),
	(174, 'Guantes', 1),
	(175, 'Lentes de Seguridad', 1),
	(176, 'Respiradores / Máscaras', 1),
	(177, 'Controles y Accesorios para Climatización / Aires Acondicionados', 1),
	(178, 'Ventilación y Calefacción', 1),
	(179, 'Aire Acondicionado', 1),
	(180, 'Linternas / Iluminación portátil', 1),
	(181, 'Arneses de seguridad', 1),
	(182, 'Materiales de Aislamiento Térmico', 1),
	(183, 'Brocas para Taladro Rotomartillo', 1),
	(184, 'Brocas para Metal', 1),
	(185, 'Brocas Planas / de Pala', 1),
	(186, 'Brocas para Madera', 1),
	(187, 'Herramientas de Nivelación', 1),
	(188, 'Brocas para Vidrio y Cerámica', 1),
	(189, 'Martillos Rotomartillos', 1),
	(190, 'Fundas para Limpieza', 1),
	(192, 'Multímetros y Probadores de Voltaje', 1),
	(193, 'Herramientas de Medición', 1),
	(194, 'Termómetros', 1),
	(195, 'Cutters y Navajas de Uso General', 1),
	(196, 'Desarmadores', 1),
	(197, 'Desarmadores de Precisión / Relojero', 1),
	(198, 'Equipos de Medición Ambiental', 1),
	(199, 'Herramientas Eléctricas Portátiles', 1),
	(200, 'Taladros y Destornilladores', 1),
	(201, 'Sopletes y antorchas', 1),
	(202, 'Accesorios para soldar / Sistemas de Soldadura y Corte', 1),
	(203, 'Calentadores de Agua / Boilers', 1),
	(204, 'Válvulas de Seguridad / Alivio', 1),
	(205, 'Pegamentos, Cementos para Plomería', 1),
	(206, 'CPVC', 1),
	(207, 'PVC', 1),
	(208, 'Pastas para Soldar', 1),
	(209, 'Herramientas para Plomería', 1),
	(210, 'Bombas Hidroneumáticas', 1),
	(211, 'Interruptores de Presión', 1),
	(212, 'Selladores para Roscas', 1),
	(213, 'Desengrasantes', 1),
	(214, 'Válvulas de Pie', 1),
	(215, 'Discos Abrasivos', 1),
	(216, 'Herramientas Eléctricas', 1),
	(217, 'Equipos de Seguridad', 1),
	(218, 'Disco de Desbaste', 1),
	(219, 'Disco Diamantado', 1),
	(220, 'Disco de Corte', 1),
	(221, 'Disco de Cepillo de Almabre', 1),
	(222, 'Disco de Carburo', 1),
	(223, 'Guarda Protector', 1),
	(224, 'Amoladora', 1),
	(225, 'Sierra Circular', 1),
	(226, 'Sierra de Calar', 1),
	(227, 'Taladro', 1),
	(228, 'Arnés de Seguridad', 1),
	(229, 'Iluminación', 1),
	(230, 'LED', 1),
	(231, 'Contactores', 1),
	(232, 'Tarjetas de control / circuitos electrónicos', 1),
	(233, 'Discos de Corte Para Metal', 1),
	(234, 'Tubería PPR', 1),
	(235, 'Soldadoras de tubería PPR (termofusión)', 1),
	(236, 'Lámparas Fluorescentes Compactas', 1),
	(237, 'Reflectores LED', 1),
	(238, 'Protección Contra Caídas', 1),
	(239, 'Líneas de Vida', 1),
	(240, 'Discos para Pulidoras y esmeriladoras', 1),
	(241, 'Protectores de Seguridad para esmeriladora', 1),
	(242, 'Discos de Corte Para Piedra', 1);

-- Dumping structure for table tiendaonline.dimensions
CREATE TABLE IF NOT EXISTS `dimensions` (
  `Dimension_Id` int(11) NOT NULL AUTO_INCREMENT,
  `Name` varchar(255) CHARACTER SET utf8mb4 COLLATE utf8mb4_unicode_ci DEFAULT NULL,
  PRIMARY KEY (`Dimension_Id`) USING BTREE
) ENGINE=InnoDB AUTO_INCREMENT=10 DEFAULT CHARSET=latin1 COLLATE=latin1_swedish_ci;

-- Dumping data for table tiendaonline.dimensions: ~7 rows (approximately)
REPLACE INTO `dimensions` (`Dimension_Id`, `Name`) VALUES
	(1, 'Sin Dimensiones'),
	(2, 'Milímetros'),
	(3, 'Centímetros'),
	(4, 'Metros'),
	(6, 'Pulgadas'),
	(7, 'Pies'),
	(8, 'Calibre'),
	(9, 'Libras');

-- Dumping structure for table tiendaonline.formularios
CREATE TABLE IF NOT EXISTS `formularios` (
  `Id` int(11) NOT NULL AUTO_INCREMENT,
  `date_submit` timestamp NULL DEFAULT current_timestamp(),
  `status` tinyint(4) DEFAULT 0,
  `nombre` varchar(255) NOT NULL,
  `correo` varchar(255) NOT NULL,
  `mensaje` text NOT NULL,
  PRIMARY KEY (`Id`)
) ENGINE=InnoDB AUTO_INCREMENT=9 DEFAULT CHARSET=latin1 COLLATE=latin1_swedish_ci;

-- Dumping data for table tiendaonline.formularios: ~8 rows (approximately)
REPLACE INTO `formularios` (`Id`, `date_submit`, `status`, `nombre`, `correo`, `mensaje`) VALUES
	(1, '2025-03-25 16:53:50', 0, 'Ricardo', 'ricardoxmen@live.com', 'Hola, quisiera saber si este test fue exitoso.'),
	(2, '2025-03-27 17:43:20', 0, 'jkbjkbvj', 'r@gmail.com', 'Hola'),
	(3, '2025-03-28 02:36:42', 0, 'jkbjkbvj', 'r@gmail.com', 'daf'),
	(4, '2025-03-29 00:24:02', 0, 'Ricardo', 'ricardoxmen@live.com', 'Hola'),
	(5, '2025-04-03 19:11:49', 0, 'jkbjkbvj', 'r@gmail.com', 'knkj'),
	(6, '2025-04-05 01:21:39', 0, 'jkbjkbvj', 'r@gmail.com', 'wf'),
	(7, '2025-04-11 02:58:24', 0, 'Ricardo', 'ricardoxmen@live.com', 'Hola'),
	(8, '2025-04-11 03:07:37', 0, 'Ricardo', 'ricardoxmen@live.com', 'ppp');

-- Dumping structure for table tiendaonline.products
CREATE TABLE IF NOT EXISTS `products` (
  `Id` int(11) NOT NULL AUTO_INCREMENT,
  `Code` varchar(50) NOT NULL,
  `Name` varchar(100) CHARACTER SET utf8mb4 COLLATE utf8mb4_unicode_ci DEFAULT NULL,
  `Description` text CHARACTER SET utf8mb4 COLLATE utf8mb4_unicode_ci DEFAULT NULL,
  `Category_Id` int(11) NOT NULL DEFAULT 1,
  `Sub_Category_Id` int(11) NOT NULL DEFAULT 1,
  `Sub_Category2` int(11) NOT NULL DEFAULT 1,
  `Shelf_Id` int(11) NOT NULL DEFAULT 1,
  `Price` decimal(10,2) NOT NULL DEFAULT 0.00,
  `Currency` varchar(5) CHARACTER SET utf8mb4 COLLATE utf8mb4_unicode_ci NOT NULL DEFAULT 'MXN',
  `Dimension_Id` int(11) DEFAULT 1,
  `Dimension_Value` varchar(50) NOT NULL DEFAULT '0',
  `Unit_Id` int(11) DEFAULT 1,
  `Unit_Value` double NOT NULL DEFAULT 0,
  `Stock_Quantity` float NOT NULL DEFAULT 0,
  `Stock_Unit` int(11) NOT NULL DEFAULT 1,
  `CreatedAt` datetime NOT NULL DEFAULT current_timestamp(),
  `UpdatedAt` datetime NOT NULL DEFAULT current_timestamp() ON UPDATE current_timestamp(),
  `ImagePath` varchar(255) CHARACTER SET utf8mb4 COLLATE utf8mb4_unicode_ci DEFAULT '" "',
  `Brand_Id` int(11) NOT NULL DEFAULT 1,
  `IsActive` tinyint(1) DEFAULT 0,
  `Almacen_Id` int(11) NOT NULL DEFAULT 1,
  PRIMARY KEY (`Id`) USING BTREE,
  UNIQUE KEY `Code` (`Code`),
  KEY `ShelfId` (`Shelf_Id`) USING BTREE,
  KEY `DimensionId` (`Dimension_Id`) USING BTREE,
  KEY `Category_Id` (`Category_Id`),
  KEY `UnitId` (`Unit_Id`) USING BTREE,
  KEY `Sub_Category_Id` (`Sub_Category_Id`),
  KEY `Sub_Category2` (`Sub_Category2`),
  KEY `FK_products_brands` (`Brand_Id`),
  KEY `Almacen_Id` (`Almacen_Id`),
  KEY `Stock_Unit` (`Stock_Unit`),
  CONSTRAINT `FK_products_almacenes` FOREIGN KEY (`Almacen_Id`) REFERENCES `almacenes` (`Almacen_Id`) ON DELETE NO ACTION ON UPDATE NO ACTION,
  CONSTRAINT `FK_products_brands` FOREIGN KEY (`Brand_Id`) REFERENCES `brands` (`Brand_Id`) ON DELETE NO ACTION ON UPDATE NO ACTION,
  CONSTRAINT `FK_products_categories` FOREIGN KEY (`Category_Id`) REFERENCES `categories` (`Category_Id`) ON DELETE NO ACTION ON UPDATE NO ACTION,
  CONSTRAINT `FK_products_categories_2` FOREIGN KEY (`Sub_Category_Id`) REFERENCES `categories` (`Category_Id`) ON DELETE NO ACTION ON UPDATE NO ACTION,
  CONSTRAINT `FK_products_categories_3` FOREIGN KEY (`Sub_Category2`) REFERENCES `categories` (`Category_Id`) ON DELETE NO ACTION ON UPDATE NO ACTION,
  CONSTRAINT `FK_products_dimensions` FOREIGN KEY (`Dimension_Id`) REFERENCES `dimensions` (`Dimension_Id`) ON DELETE NO ACTION ON UPDATE NO ACTION,
  CONSTRAINT `FK_products_shelfs` FOREIGN KEY (`Shelf_Id`) REFERENCES `shelfs` (`Shelf_Id`) ON DELETE NO ACTION ON UPDATE NO ACTION,
  CONSTRAINT `FK_products_units` FOREIGN KEY (`Unit_Id`) REFERENCES `units` (`Unit_Id`) ON DELETE NO ACTION ON UPDATE NO ACTION,
  CONSTRAINT `FK_products_units_2` FOREIGN KEY (`Stock_Unit`) REFERENCES `units` (`Unit_Id`) ON DELETE NO ACTION ON UPDATE NO ACTION
) ENGINE=InnoDB AUTO_INCREMENT=326 DEFAULT CHARSET=latin1 COLLATE=latin1_swedish_ci;

-- Dumping data for table tiendaonline.products: ~302 rows (approximately)
REPLACE INTO `products` (`Id`, `Code`, `Name`, `Description`, `Category_Id`, `Sub_Category_Id`, `Sub_Category2`, `Shelf_Id`, `Price`, `Currency`, `Dimension_Id`, `Dimension_Value`, `Unit_Id`, `Unit_Value`, `Stock_Quantity`, `Stock_Unit`, `CreatedAt`, `UpdatedAt`, `ImagePath`, `Brand_Id`, `IsActive`, `Almacen_Id`) VALUES
	(1, '1', 'Agarradera metálica para tubo 3/4″', 'Abrazadera metálica fabricada en acero galvanizado de alta resistencia, diseñada para sujetar tuberías de ¾″ (20 mm) a paredes, vigas o estructuras de soporte. Incluye orificios pre-taladrados para tornillos, acabado anticorrosión y perfil interior liso para evitar dañar la tubería. Ideal para instalaciones de fontanería, sistemas de riego y conducciones eléctricas empotradas.', 1, 1, 1, 1, 2.50, 'MXN', 6, '3/4', 6, 1, 136, 1, '2025-04-02 12:52:21', '2025-05-30 13:05:24', 'default.jpg', 1, 0, 1),
	(2, '2', 'Cople de Plata 1 1/2"', 'Unión roscada diseñada para empalmar tramos de tubo conduit de 1/2″ (25 mm). Fabricada en acero galvanizado de alta resistencia con acabado plateado anticorrosión, incorpora roscas NPT de 1 1/2″ para garantizar un acople estanco y mecánicamente sólido. Ideal para mantener la continuidad de la canalización eléctrica en instalaciones interiores y exteriores; protege los conductores de golpes, polvo y humedad, y facilita las labores de montaje y mantenimiento.', 2, 4, 3, 1, 49.00, 'MXN', 6, '1 1/2"', 6, 1, 12, 1, '2025-04-02 12:58:07', '2025-05-30 13:05:28', 'default.jpg', 1, 0, 1),
	(9, '9', 'Conector zapa Conduit plata 1/2″', 'Pieza de unión roscada diseñada para fijar tuberías conduit de ½″ (12,7 mm) en el “zapo” (abertura) de cajas metálicas. Fabricada en acero galvanizado con acabado plateado anticorrosión, incorpora rosca NPT ½″ según estándar ANSI B1.20.1, tuerca de fijación y arandela dentada para garantizar un montaje firme y estanco. Su perfil asegura una sujeción mecánica sólida, protege los conductores eléctricos de polvo, humedad y tensión mecánica, y facilita las labores de instalación y mantenimiento en cuadros y tableros eléctricos.', 2, 4, 2, 26, 14.00, 'MXN', 6, '1/2"', 6, 1, 53, 1, '2025-05-07 12:22:39', '2025-05-07 12:48:21', 'img\\products\\1746642159396-WhatsApp Image 2025-05-07 at 12.13.52 PM.jpeg', 1, 0, 1),
	(10, '10', 'Cople conduit plata 3/4″', 'Unión (cople) diseñada para empalmar tramos de tubo conduit de ½″ (12,7 mm). Fabricada en acero galvanizado de alta resistencia con acabado plateado anticorrosión, Ideal para mantener la continuidad de la canalización eléctrica en instalaciones residenciales, comerciales e industriales; protege los conductores frente a golpes, polvo y humedad, y facilita las tareas de montaje y mantenimiento.', 2, 4, 3, 26, 16.00, 'MXN', 6, '3/4"', 6, 1, 132, 1, '2025-05-07 12:45:42', '2025-05-07 12:46:33', 'img\\products\\1746643542588-WhatsApp Image 2025-05-07 at 12.45.06 PM.jpeg', 1, 0, 1),
	(11, '11', 'Conduit LL 1/2"  plata', 'Tubería metálica rígida de tipo LL de ½″ (12,7 mm) de diámetro interior, fabricada en acero galvanizado con costura longitudinal reforzada. Diseñada para canalizar y proteger conductores eléctricos en instalaciones residenciales, comerciales e industriales, ofrece elevada resistencia mecánica frente a impactos y vibraciones, así como protección contra polvo y humedad. ', 2, 3, 1, 1, 41.00, 'MXN', 6, '1/2"', 1, 0, 12, 1, '2025-05-07 12:52:18', '2025-06-02 10:46:29', '" "', 1, 0, 1),
	(12, '12', 'Conduit LL 3/4" plata', 'Tubería metálica rígida de tipo LL (longitudinal lockseam) de ¾″ (19,05 mm) de diámetro interior, fabricada en acero galvanizado con acabado plateado anticorrosión. Su costura longitudinal reforzada aporta alta resistencia mecánica frente a impactos, vibraciones y agentes externos (polvo, humedad). Está diseñada para canalizar y proteger conductores eléctricos en instalaciones residenciales, comerciales e industriales, y es compatible con todos los accesorios normalizados (codos, coples, conectores y cajas de derivación). Cumple con los estándares IEC 61386 y NEC para sistemas de canalización de tuberías eléctricas.', 2, 3, 1, 1, 0.00, 'MXN', 1, '3/4"', 1, 0, 6, 1, '2025-05-07 12:56:00', '2025-06-02 10:47:33', '" "', 1, 0, 1),
	(13, '13', 'Conduit T 1/2" plata', 'Tubería metálica rígida de tipo T, de ½″ (12,7 mm) de diámetro interior, fabricada en acero galvanizado con acabado plateado anticorrosión. Su costura helicoidal (spiral lock) proporciona alta resistencia mecánica a la compresión y mantiene la circularidad del tubo, facilitando el doblado con herramienta manual para trayectos con curvas suaves.', 2, 3, 1, 1, 0.00, 'MXN', 1, '1/2"', 1, 0, 13, 1, '2025-05-07 12:57:06', '2025-06-02 10:47:49', '" "', 1, 0, 1),
	(17, '17', 'Insecticida en Aerosol Raid Max de 400 ml', 'Insecticida en aerosol formulado para eliminar cucarachas e insectos rastreros. Su fórmula de acción prolongada mata al contacto y sigue actuando por hasta 3 semanas.', 9, 10, 11, 1, 103.00, 'MXN', 1, '0', 1, 0, 1, 1, '2025-05-12 14:11:25', '2025-05-12 14:11:25', 'img\\products\\1747080685423-17470806718505356621507404390738.jpg', 1, 0, 1),
	(18, '18', 'Aceite multiusos en aerosol Aflojatodo Truper 400 ml WT-400', 'Lubricante penetrante multiusos en aerosol que lubrica, protege contra la corrosión y elimina el óxido. Ideal para liberar mecanismos trabados, eliminar rechinidos y desplazar la humedad. De uso práctico en aplicaciones domésticas, automotrices e industriales.', 12, 15, 16, 1, 75.00, 'MXN', 1, '400', 1, 0, 3, 1, '2025-05-12 14:41:31', '2025-05-12 14:41:31', 'img\\products\\1747082491609-17470824562728268161662918353808.jpg', 1, 0, 1),
	(19, '19', 'Cartucho de gas butano/propano con válvula roscada Truper 275 g', 'Cartucho de gas mezcla de butano y propano con válvula roscada para conexión segura. Ideal para uso con sopletes, estufillas y lámparas portátiles. Ofrece una combustión eficiente y segura en trabajos de plomería, cocina o actividades al aire libre.', 12, 17, 18, 1, 58.00, 'MXN', 1, '0', 3, 275, 1, 1, '2025-05-12 14:50:47', '2025-05-12 14:50:47', 'img\\products\\1747083047740-17470830314606021250151129553440.jpg', 1, 0, 1),
	(20, '20', 'Cartucho de gas L.P. desechable boquilla tipo europea IUSA 275 g', 'Cartucho desechable de gas licuado de petróleo (L.P.) con boquilla tipo europea, ideal para sopletes, estufillas o equipos portátiles compatibles. Contiene mezcla de butano y proporciona una presión máxima de trabajo de 3.5 kg/cm². Práctico y seguro para trabajos técnicos o actividades al aire libre.', 12, 17, 18, 1, 58.00, 'MXN', 1, '0', 3, 275, 1, 1, '2025-05-12 14:57:51', '2025-05-12 14:57:51', 'img\\products\\1747083471214-17470834483541720074723890857977.jpg', 1, 0, 1),
	(21, '21', 'Cartucho de gas butano/propano Linmex 275 g', 'Cartucho de gas butano/propano Linmex de 275 gramos, ideal para el uso con sopletes, estufillas y otros dispositivos portátiles de combustión. Su mezcla proporciona una flama estable y eficiente, adecuada para actividades de calefacción, cocina o trabajos técnicos.', 12, 17, 18, 1, 58.00, 'MXN', 1, '0', 3, 275, 1, 1, '2025-05-12 15:00:43', '2025-05-12 15:00:43', 'img\\products\\1747083643243-17470836257962126844792799597472.jpg', 1, 0, 1),
	(22, '22', 'Cartucho de gas butano RH', 'Cartucho de gas butano marca RH, ideal para uso con estufillas, sopletes y otros equipos portátiles. Su envase metálico facilita el almacenamiento y transporte seguro. Ofrece una combustión limpia y confiable, adecuada para actividades al aire libre, cocina o trabajos técnicos.', 12, 17, 18, 1, 57.00, 'MXN', 1, '0', 8, 450, 1, 1, '2025-05-12 15:03:14', '2025-05-12 15:03:14', 'default.jpg', 1, 0, 1),
	(23, '23', 'Aerosol esmalte metálico gris Aero Comex 400 ml', 'Esmalte acrílico en aerosol de secado rápido con acabado metálico brillante, ideal para objetos decorativos. Proporciona un acabado distinguido con excelente adherencia y durabilidad. Su válvula de 360° permite una aplicación uniforme desde cualquier ángulo.', 19, 20, 21, 1, 189.00, 'MXN', 1, '0', 8, 400, 1, 1, '2025-05-12 15:13:16', '2025-05-12 15:13:16', 'img\\products\\1747084395980-17470843838146100343581262328444.jpg', 1, 0, 1),
	(24, '24', 'Filtro Antisarro Coflex para Tuberías y Boilers WF-180', 'Filtro antisarro Coflex modelo WF-180 diseñado para proteger tuberías, calentadores y boilers al reducir la acumulación de sarro. Compatible con sistemas de agua fría y caliente, opera bajo presión de hasta 116 psi y temperaturas entre 4 °C y 35 °C. Mejora el rendimiento y prolonga la vida útil de los aparatos conectados.', 22, 23, 24, 1, 1332.00, 'MXN', 1, '0', 1, 0, 1, 1, '2025-05-12 15:18:18', '2025-05-12 15:18:18', 'img\\products\\1747084698749-17470846760933420699678478291296.jpg', 1, 0, 1),
	(25, '25', 'Trilé para viga ajustable 1 tonelada', 'Trilé o tornillo de sujeción para viga ajustable, diseñado para soportar hasta 1 tonelada de peso. Fabricado en acero de alta resistencia y recubierto con pintura protectora, permite fijar de manera segura estructuras metálicas en trabajos de carga, elevación o construcción. Su diseño roscado garantiza un ajuste firme y preciso.', 26, 151, 1, 1, 1249.00, 'MXN', 1, '0', 5, 1, 2, 1, '2025-05-12 15:24:14', '2025-05-30 12:43:58', 'img\\products\\1747085054668-17470850378119149954854544945621.jpg', 1, 0, 1),
	(26, '26', 'Cepillo de mano con cerdas duras', 'Cepillo manual con cerdas de plástico rígido, ideal para tareas de limpieza pesada en superficies difíciles como pisos rústicos, herramientas, llantas o maquinaria. Su mango ergonómico de plástico facilita un agarre firme y cómodo durante el uso prolongado.', 9, 28, 29, 1, 75.00, 'MXN', 1, '0', 1, 0, 1, 1, '2025-05-12 15:29:25', '2025-05-12 15:29:25', 'img\\products\\1747085364961-17470853477132512645171809383324.jpg', 1, 0, 1),
	(27, '27', 'Placa de acero al carbón 20x20 cm', 'Placa de acero al carbón con medidas de 20x20 cm, ideal para trabajos de herrería, estructuras metálicas, refuerzos o fabricación de piezas. Su alta resistencia y durabilidad la hacen adecuada para aplicaciones industriales, mecánicas o de construcción.', 30, 31, 32, 1, 248.00, 'MXN', 3, '20 x 20', 1, 0, 1, 1, '2025-05-12 15:34:14', '2025-05-12 15:34:14', 'img\\products\\1747085653955-17470856434304337285940248383820.jpg', 1, 0, 1),
	(28, '28', 'Batería automotriz Valucraft 42-TB 12V 60Ah', 'Batería automotriz Valucraft libre de mantenimiento, modelo 42-TB, con 60 minutos de reserva, 410 Amperes de arranque (CA) y 330 Amperes de arranque en frío (CCA). Ideal para vehículos de uso diario, proporciona energía confiable para el sistema de encendido y componentes eléctricos del automóvil. Fabricada por Zone Compsa, compatible con la mayoría de autos compactos.', 33, 34, 35, 1, 3000.00, 'MXN', 1, '0', 1, 0, 1, 1, '2025-05-12 15:39:36', '2025-05-12 15:39:36', 'img\\products\\1747085976370-17470859626433844368303348681501.jpg', 1, 0, 1),
	(29, '29', 'Limpiador en espuma multiuso Tuff Stuff 623 g', 'Limpiador en espuma multiusos STP Tuff Stuff de 623 g, ideal para remover suciedad, grasa y manchas difíciles en tapicería, alfombras, vinil y tela. Su fórmula en espuma penetra profundamente en las fibras para una limpieza eficaz, dejando un acabado renovado y sin residuos pegajosos. Uso recomendado en interiores automotrices y domésticos.', 9, 33, 36, 1, 170.00, 'MXN', 1, '0', 3, 623, 1, 1, '2025-05-12 16:59:28', '2025-05-12 16:59:28', 'img\\products\\1747090768682-17470907558624122202642503323086.jpg', 1, 0, 1),
	(30, '30', 'Silicón acético multipropósito Würth 70 g', 'Silicón acético multipropósito de alta temperatura marca Würth, con resistencia térmica de hasta 250 °C en uso intermitente. Ideal para sellado y fijación en aplicaciones automotrices, eléctricas, industriales y domésticas. Ofrece excelente adherencia sobre superficies lisas como metal, vidrio, cerámica y plástico.', 12, 37, 38, 1, 97.00, 'MXN', 1, '0', 3, 70, 1, 1, '2025-05-12 17:05:18', '2025-05-12 17:05:18', 'img\\products\\1747091118400-17470910998482636711488267721513.jpg', 1, 0, 1),
	(31, '31', 'Cera líquida para auto Tempo Todo Tipo 473 ml', 'Cera líquida Tempo Todo Tipo con cera de carnauba, ideal para proteger y dar brillo a todo tipo de pinturas automotrices. Su fórmula limpia, pule y protege en un solo paso, dejando una capa brillante y duradera sobre la carrocería. Apta para uso frecuente en autos, motocicletas y otros vehículos.', 33, 39, 40, 1, 134.00, 'MXN', 1, '0', 8, 473, 1, 1, '2025-05-12 17:13:49', '2025-05-12 17:13:49', 'img\\products\\1747091629255-17470916111943001538324013933037.jpg', 1, 0, 1),
	(32, '32', 'Anticongelante concentrado Pentofrost NF Pentosin 1.5 L', 'Anticongelante concentrado Pentofrost NF marca Pentosin, formulado especialmente para vehículos europeos como Mercedes-Benz. Proporciona protección contra congelamiento, sobrecalentamiento y corrosión en sistemas de enfriamiento. Ideal para motores modernos con materiales sensibles. Contenido: 1.5 L.', 33, 39, 41, 1, 1000.00, 'MXN', 1, '0', 8, 1500, 1, 1, '2025-05-12 17:19:10', '2025-05-12 17:19:10', 'img\\products\\1747091950675-17470918524591854349647949859931.jpg', 1, 0, 1),
	(33, '33', 'Rótula automotriz para horquilla de suspensión', 'Rótula de suspensión para horquilla, diseñada para permitir el movimiento articulado entre los componentes de la suspensión y mantener la alineación correcta del vehículo. Fabricada en acero con recubrimiento protector y sello de goma para evitar el ingreso de polvo y humedad. Ideal para vehículos de trabajo o uso general.', 33, 42, 43, 1, 700.00, 'MXN', 1, '0', 1, 0, 2, 1, '2025-05-12 17:24:15', '2025-05-12 17:24:15', 'img\\products\\1747092254995-17470922383483088153618553779092.jpg', 1, 0, 1),
	(34, '34', 'Líquido para dirección hidráulica Pentosin CHF 11S 1 L', 'Líquido hidráulico sintético Pentosin CHF 11S, formulado para sistemas de dirección asistida de alta precisión. Compatible con vehículos BMW, Mercedes-Benz, Audi y Mini. Ofrece excelente rendimiento bajo condiciones extremas de temperatura y presión. Asegura una operación suave y silenciosa del sistema de dirección. Contenido: 1 litro.', 33, 39, 45, 1, 467.00, 'MXN', 1, '0', 7, 1, 1, 1, '2025-05-12 17:29:02', '2025-05-12 17:29:02', 'img\\products\\1747092542817-1747092531160956641391526233789.jpg', 1, 0, 1),
	(35, '35', 'Limpiador de cuero Tanner\'s Preserve 221 ml', 'Limpiador especializado para superficies de cuero marca Tanner\'s Preserve. Su fórmula penetra profundamente para eliminar suciedad persistente sin dañar la textura del material. Seguro y fácil de usar en interiores automotrices, muebles y accesorios de piel natural. Presentación en spray de 221 ml.', 33, 39, 46, 1, 686.00, 'MXN', 1, '0', 8, 221, 1, 1, '2025-05-12 17:33:35', '2025-05-12 17:33:35', 'img\\products\\1747092815134-17470928038398596769933001101035.jpg', 1, 0, 1),
	(37, '37', 'Conector flexible para boiler Coflex 3/4" x 3/4" 60 cm', 'Conector flexible Coflex para boiler, fabricado en acero inoxidable trenzado. Apto para agua fría y caliente, resistente a bajas temperaturas de hasta -100 °C, no reduce el flujo y cuenta con garantía de 20 años. Ideal para instalaciones de calentadores de agua.', 22, 47, 48, 1, 120.00, 'MXN', 1, '0', 1, 0, 1, 1, '2025-05-14 18:25:37', '2025-05-14 18:25:37', 'img\\products\\1747268737821-WhatsApp_Image_2025-05-12_at_7.16.41_PM.jpg', 1, 0, 1),
	(38, '38', 'Conector flexible tipo “T” 1/2” color plata', 'Conector flexible tipo “T” de 1/2 pulgada, color plata, utilizado para dividir el flujo de agua en instalaciones de lavabo o fregadero. Fabricado con trenzado metálico resistente y conexiones estándar, permite distribuir el suministro a dos salidas desde una entrada.', 22, 47, 49, 1, 112.00, 'MXN', 1, '0', 1, 0, 1, 1, '2025-05-14 18:34:31', '2025-05-14 18:34:31', 'img\\products\\1747269271643-WhatsApp_Image_2025-05-12_at_7.17.03_PM.jpg', 1, 0, 1),
	(39, '39', 'Manguera flexible Foset 100 cm  1/2" color plata', 'Manguera flexible Foset de 1/2 pulgada de diámetro y 100 cm de largo, trenzada en acero inoxidable color plata. Diseñada para conexiones hidráulicas de alta resistencia, ideal para lavabos, fregaderos o sanitarios.', 22, 47, 49, 1, 111.00, 'MXN', 1, '0', 1, 0, 1, 1, '2025-05-14 18:47:11', '2025-05-14 18:47:11', 'img\\products\\1747270031632-WhatsApp_Image_2025-05-12_at_7.17.21_PM.jpg', 1, 0, 1),
	(40, '40', 'Niple de acero galvanizado 3/4"', 'Niple recto de acero galvanizado con rosca en ambos extremos, diámetro de 3/4". Ideal para unir tramos de tubería en instalaciones hidráulicas o de gas, ofreciendo alta resistencia a la corrosión.', 22, 50, 51, 1, 15.00, 'MXN', 6, '3/4\'\' x 1/2\'\'', 1, 0, 6, 1, '2025-05-20 10:50:52', '2025-05-20 10:50:52', 'default.jpg', 1, 0, 1),
	(41, '41', 'Reducción campana galvanizada 1-1/4" con rosca', 'Reducción tipo campana de 1-1/4", fabricada en acero galvanizado. Cuenta con extremos roscados que permiten una conexión segura entre tuberías de diferentes diámetros en instalaciones hidráulicas o de gas. Su recubrimiento galvanizado brinda excelente resistencia a la corrosión.', 22, 50, 52, 1, 50.00, 'MXN', 6, '1\'\' - 3/4\'\'', 1, 0, 5, 1, '2025-05-20 11:02:25', '2025-05-20 11:02:25', 'img\\products\\1747760545079-WhatsApp_Image_2025-05-12_at_7.19.41_PM.jpg', 1, 0, 1),
	(42, '42', 'Empuñadura / mango para herramienta Ryobi', 'Empuñadura lateral de repuesto para herramienta Ryobi, compatible con taladros, rotomartillos u otras herramientas eléctricas de la marca. Fabricada en plástico resistente con rosca metálica para montaje firme.', 53, 54, 1, 1, 170.00, 'MXN', 1, '0', 1, 0, 1, 1, '2025-05-20 11:12:29', '2025-05-20 11:12:29', 'img\\products\\1747761149274-WhatsApp_Image_2025-05-12_at_7.21.47_PM.jpg', 1, 0, 1),
	(43, '43', 'Válvula de esfera de paso 1 1/4"', 'Válvula de esfera metálica de 1 1/4" con maneral tipo palanca, utilizada para abrir o cerrar completamente el paso de agua o fluido en sistemas hidráulicos y de plomería. Su diseño de paso total permite un flujo sin restricciones. Fabricada en materiales resistentes a la presión y la corrosión.', 55, 56, 1, 1, 270.00, 'MXN', 6, '1 1/4\'\'', 1, 0, 1, 1, '2025-05-20 11:41:00', '2025-05-20 11:41:00', 'img\\products\\1747762860508-WhatsApp_Image_2025-05-12_at_7.22.17_PM.jpg', 1, 0, 1),
	(44, '44', 'Conector macho hidráulico verde 1"', 'Conector macho de 1 pulgada fabricado en polipropileno random (PP-R), color verde. Diseñado para instalaciones hidráulicas residenciales, permite la unión de tuberías mediante cuerdas NPT. Cuenta con capa antibacterial (AB) que previene la formación de bacterias, alta resistencia a la corrosión y soporta una presión máxima de 20 kg/cm² a 20 °C.', 57, 58, 1, 1, 125.00, 'MXN', 6, '1\'\'', 1, 0, 2, 1, '2025-05-20 11:53:55', '2025-05-20 11:53:55', 'img\\products\\1747763635904-WhatsApp_Image_2025-05-12_at_7.23.48_PM.jpg', 1, 0, 1),
	(45, '45', 'Conexión tee PVC hidráulico 1 1/2"', 'Conexión en forma de "T" fabricada en PVC hidráulico, diseñada para unir tres tramos de tubería de 1 1/2" en sistemas de agua potable o distribución. Permite desviar o ramificar el flujo. Material resistente a la presión y corrosión.', 22, 57, 59, 1, 50.00, 'MXN', 6, '1 1/2\'\'', 1, 0, 2, 1, '2025-05-20 12:15:03', '2025-05-20 12:15:03', 'img\\products\\1747764903279-WhatsApp_Image_2025-05-12_at_7.24.57_PM.jpg', 1, 0, 1),
	(46, '46', 'Válvula globo PPR 1 1/4"', 'Válvula de globo fabricada en polipropileno random (PPR) de 1 1/4", diseñada para instalaciones hidráulicas en hogares, edificios o comercios. Su estructura plástica ofrece resistencia a la presión, durabilidad y evita la corrosión. El maneral metálico tipo estrella permite regular el flujo con precisión.', 22, 62, 61, 1, 340.00, 'MXN', 6, '1 1/4\'\'', 1, 0, 1, 1, '2025-05-20 12:55:04', '2025-05-20 12:55:04', 'img\\products\\1747767304625-WhatsApp_Image_2025-05-12_at_7.25.55_PM.jpg', 1, 0, 1),
	(47, '47', 'Reducción PPR 1 1/2"', 'Reducción o reductor fabricado en polipropileno random (PPR) de 1 1/2", diseñado para unir tuberías de diferentes diámetros en sistemas hidráulicos. Su material es resistente a la corrosión y a altas temperaturas, ideal para instalaciones de agua fría o caliente.', 62, 57, 52, 1, 40.00, 'MXN', 6, '1 - 1/2\'\'', 1, 0, 2, 1, '2025-05-20 13:01:04', '2025-05-20 13:01:04', 'img\\products\\1747767663988-WhatsApp_Image_2025-05-12_at_7.27.28_PM.jpg', 1, 0, 1),
	(48, '48', 'Codo PPR 90°', 'Codo de 90 grados fabricado en polipropileno random (PPR), ideal para redirigir el flujo en sistemas hidráulicos. Diseñado para aplicaciones de agua fría y caliente, proporciona una conexión segura y duradera gracias a su resistencia a la presión y la corrosión.', 62, 63, 64, 1, 7.00, 'MXN', 6, '1/2', 1, 0, 1, 1, '2025-05-20 13:08:33', '2025-05-20 13:08:33', 'img\\products\\1747768113563-WhatsApp_Image_2025-05-12_at_7.29.03_PM.jpg', 1, 0, 1),
	(49, '49', 'Reducción PPR 1 1/2”', 'Reducción de Polipropileno Random (PPR) de 1 1/2 pulgadas, utilizada para unir tuberías de diferente diámetro en sistemas hidráulicos. Resistente a la presión, temperatura y corrosión. Ideal para instalaciones de agua fría y caliente.', 62, 63, 52, 1, 13.00, 'MXN', 6, '1 1/2\'\' - 1\'\'', 1, 0, 1, 1, '2025-05-20 13:13:51', '2025-05-20 13:13:51', 'img\\products\\1747768430988-WhatsApp_Image_2025-05-12_at_7.29.50_PM.jpg', 1, 0, 1),
	(50, '50', 'Codo PPR 1”', 'Codo de Polipropileno Random (PPR) de 1 pulgada con ángulo de 90°, diseñado para cambiar la dirección del flujo en instalaciones hidráulicas. Ideal para sistemas de agua fría o caliente, con alta resistencia a la presión y a la corrosión.', 62, 63, 64, 1, 12.00, 'MXN', 6, '1\'\'', 1, 0, 1, 1, '2025-05-20 13:23:58', '2025-05-20 13:23:58', 'img\\products\\1747769038630-WhatsApp_Image_2025-05-12_at_7.30.31_PM.jpg', 1, 0, 1),
	(52, '51', 'Tapón PPR 1 1/2', 'Tapón de polipropileno random (PPR) de 1 1/2 pulgadas, utilizado para cerrar extremos de tuberías en instalaciones hidráulicas o de fontanería.', 22, 62, 65, 1, 15.00, 'MXN', 6, '1 1/2\'\'', 1, 0, 1, 1, '2025-05-22 12:01:52', '2025-05-22 12:01:52', 'img\\products\\1747936912237-WhatsApp_Image_2025-05-12_at_7.30.58_PM.JPG.jpg', 1, 0, 1),
	(54, '52', 'Cople CPVC 1 1/4"', 'Cople recto de cloruro de polivinilo clorado (CPVC) de 1 1/4", utilizado para unir dos tramos de tubería en instalaciones hidráulicas de agua caliente o fría.', 22, 66, 67, 1, 12.00, 'MXN', 6, '1 1/4\'\'', 1, 0, 1, 1, '2025-05-22 12:07:55', '2025-05-22 12:07:55', 'img\\products\\1747937275797-WhatsApp_Image_2025-05-12_at_7.32.54_PM.JPG.jpg', 1, 0, 1),
	(55, '53', 'Película Stretch (Playo Industrial) 5\'\' alto', 'Rollo de película stretch transparente fabricada en polietileno, utilizada para envolver y proteger productos durante almacenamiento o transporte.', 68, 69, 1, 1, 85.00, 'MXN', 1, '0', 1, 0, 1, 1, '2025-05-22 12:13:56', '2025-05-22 12:13:56', 'img\\products\\1747937636292-WhatsApp_Image_2025-05-13_at_8.24.00_AM.JPG.jpg', 1, 0, 1),
	(56, '54', 'Conduit Metálico Flexible 3/4"', 'Tubería metálica flexible de 3/4", fabricada en acero galvanizado, usada para proteger y canalizar cables eléctricos en instalaciones que requieren flexibilidad.', 4, 3, 71, 1, 56.00, 'MXN', 6, '3/4\'\'', 1, 0, 3, 1, '2025-05-22 12:30:52', '2025-05-22 12:30:52', 'img\\products\\1747938652397-WhatsApp_Image_2025-05-13_at_8.29.51_AM.JPG.jpg', 1, 0, 1),
	(57, '55', 'Tapa Ciega Galvanizada 4x4"', 'Tapa ciega de acero galvanizado de 4x4 pulgadas, utilizada para cubrir cajas eléctricas y proteger conexiones sin uso o expuestas.', 74, 72, 73, 1, 20.00, 'MXN', 6, '4 X 4 \'\'', 1, 0, 2, 1, '2025-05-22 12:37:47', '2025-05-22 12:37:47', 'img\\products\\1747939067186-WhatsApp_Image_2025-05-13_at_8.30.24_AM.JPG.jpg', 1, 0, 1),
	(58, '56', 'Llave Temporizadora para Lavabo Helvex', 'Llave temporizadora Helvex para lavabo, fabricada en latón cromado, diseñada para liberar agua durante un tiempo controlado, promoviendo el ahorro de agua en espacios públicos.', 22, 75, 76, 1, 400.00, 'MXN', 1, '0', 1, 0, 1, 1, '2025-05-22 13:04:11', '2025-05-22 13:04:11', 'img\\products\\1747940651263-WhatsApp_Image_2025-05-13_at_8.34.21_AM.jpg', 1, 0, 1),
	(59, '57', 'Valvula de descarga para Fluxómetro Helvex para Mingitorio', 'Válvula metálica de descarga para fluxómetro Helvex, utilizada como refacción en sistemas de descarga para mingitorios en baños públicos.', 22, 75, 78, 1, 869.00, 'MXN', 1, '0', 1, 0, 1, 1, '2025-05-22 13:15:57', '2025-05-22 13:15:57', 'img\\products\\1747941357134-WhatsApp_Image_2025-05-13_at_8.35.47_AM.JPG.jpg', 1, 0, 1),
	(60, '58', 'Válvula de Retención para Fluxómetro', 'Válvula de retención cromada utilizada como parte del sistema de descarga en fluxómetros Helvex, evita el retorno del agua al sistema después del accionamiento.', 22, 75, 78, 1, 1300.00, 'MXN', 1, '0', 1, 0, 2, 1, '2025-05-22 13:27:04', '2025-05-22 14:03:36', 'img\\products\\1747942024142-WhatsApp_Image_2025-05-13_at_8.36.06_AM.JPG.jpg', 1, 0, 1),
	(61, '59', 'Roseta para Fluxómetro', 'Roseta metálica con inserto de neopreno, utilizada en conexiones hidráulicas para evitar fugas y asegurar un sellado hermético entre piezas.', 22, 78, 1, 1, 200.00, 'MXN', 1, '0', 1, 0, 2, 1, '2025-05-22 13:37:16', '2025-05-22 13:37:16', 'img\\products\\1747942636137-WhatsApp_Image_2025-05-13_at_8.36.34_AM.JPG.jpg', 1, 0, 1),
	(62, '60', 'Tuerca Spud para Fluxómetro', 'Tuerca metálica tipo spud, utilizada en instalaciones de fluxómetro para asegurar la conexión del tubo de descarga al mingitorio o WC.', 22, 78, 1, 1, 138.00, 'MXN', 1, '0', 1, 0, 3, 1, '2025-05-22 13:44:39', '2025-05-22 13:44:39', 'img\\products\\1747943079059-WhatsApp_Image_2025-05-13_at_8.36.57_AM.JPG.jpg', 1, 0, 1),
	(63, '61', 'Estopero Armado para Fluxómetro', 'Estopero armado de repuesto para fluxómetro Helvex con pedal, compuesto de cuerpo metálico con resorte y válvula de sello, utilizado para controlar la descarga de agua.', 22, 55, 78, 1, 200.00, 'MXN', 1, '0', 1, 0, 2, 1, '2025-05-22 13:55:22', '2025-05-22 13:55:22', 'img\\products\\1747943722865-WhatsApp_Image_2025-05-13_at_8.37.56_AM.JPG.jpg', 1, 0, 1),
	(64, '62', 'Empaques Planos para Conexiones de Plomería', 'Empaques planos de goma y plástico, utilizados para asegurar el sellado en uniones de plomería, evitando fugas de agua en llaves, fluxómetros y tuberías.', 22, 80, 1, 1, 1.00, 'MXN', 1, '0', 1, 0, 8, 1, '2025-05-22 14:02:25', '2025-05-22 14:02:25', 'img\\products\\1747944145476-WhatsApp_Image_2025-05-13_at_8.38.15_AM.jpg', 1, 0, 1),
	(65, '63', 'Atomizador de Gatillo de 1 Litro', 'Atomizador manual de plástico con capacidad de 1 litro, equipado con gatillo pulverizador, ideal para aplicar soluciones de limpieza o desinfección en superficies.', 9, 81, 1, 1, 30.00, 'MXN', 1, '0', 7, 1, 2, 1, '2025-05-22 14:07:47', '2025-05-22 14:07:47', 'img\\products\\1747944467514-WhatsApp_Image_2025-05-13_at_8.40.21_AM.jpg', 1, 0, 1),
	(66, '64', 'Limpiador Espumoso Concentrado Foam Cleaner', 'Limpiador espumoso concentrado de uso industrial, ideal para remover grasa, suciedad y residuos en superficies metálicas, plásticas o de vidrio.', 82, 83, 1, 1, 279.00, 'MXN', 1, '0', 9, 1, 1, 1, '2025-05-22 14:23:33', '2025-05-22 14:23:33', 'img\\products\\1747945413623-WhatsApp_Image_2025-05-13_at_8.40.45_AM_(1).jpg', 1, 0, 1),
	(67, '65', 'Garrafa Plástica de 1 Galón', 'Recipiente de plástico con tapa de rosca y asa integrada, con capacidad de 1 galón, utilizado para almacenar líquidos como limpiadores, agua o productos químicos.', 84, 9, 1, 1, 60.00, 'MXN', 1, '0', 9, 1, 1, 1, '2025-05-22 14:50:17', '2025-05-22 14:50:17', 'img\\products\\1747947017906-WhatsApp_Image_2025-05-13_at_8.41.21_AM.jpg', 1, 0, 1),
	(68, '66', 'Extensión Eléctrica 15 Metros Calibre 16', 'Cable de extensión eléctrica color naranja de 16 metros, fabricado en material dieléctrico resistente, ideal para conectar herramientas o equipos a distancia.', 2, 85, 86, 1, 350.00, 'MXN', 1, '0', 1, 0, 1, 1, '2025-05-23 10:40:05', '2025-05-23 10:40:05', 'img\\products\\1748018405518-WhatsApp_Image_2025-05-13_at_8.46.10_AM.JPG.jpg', 1, 0, 1),
	(69, '67', 'Cable uso Rudo', 'Cable eléctrico tipo uso rudo con aislamiento de alta resistencia, adecuado para instalaciones temporales, herramientas eléctricas o ambientes industriales exigentes.', 2, 85, 87, 1, 40.00, 'MXN', 1, '0', 1, 0, 9, 17, '2025-05-23 10:50:48', '2025-05-23 10:50:48', 'img\\products\\1748019048764-WhatsApp_Image_2025-05-13_at_8.46.10_AM.JPG.jpg', 1, 0, 1),
	(70, '68', 'Extensión Armada de Uso Rudo 8 Metros', 'Extensión eléctrica de aproximadamente 8 metros, armada con cable de uso rudo, enchufe reforzado y caja de conexiones, ideal para aplicaciones industriales o de alto consumo.', 2, 85, 86, 1, 200.00, 'MXN', 1, '0', 1, 0, 8, 17, '2025-05-23 10:56:59', '2025-05-23 10:56:59', 'img\\products\\1748019419557-WhatsApp_Image_2025-05-13_at_8.53.17_AM.JPG.jpg', 1, 0, 1),
	(71, '69', 'Esmalte Acrílico en Aerosol Negro', 'Esmalte acrílico en aerosol color negro semimate, de secado rápido y excelente brillo, ideal para aplicaciones decorativas y protectoras en superficies interiores y exteriores.', 19, 20, 21, 1, 259.00, 'MXN', 1, '0', 8, 400, 1, 6, '2025-05-23 11:11:16', '2025-05-23 11:11:16', 'img\\products\\1748020276040-WhatsApp_Image_2025-05-13_at_8.54.19_AM.JPG.jpg', 1, 0, 1),
	(72, '70', 'Capacitor de Arranque CBB65 45μF 450VAC', 'Capacitor de arranque tipo CBB65 con capacidad de 45 microfaradios (μF) a 450V AC, utilizado en motores monofásicos para aire acondicionado o refrigeración, con protección de 10,000AFC.', 2, 88, 89, 1, 260.00, 'MXN', 1, '0', 1, 0, 1, 6, '2025-05-23 11:14:34', '2025-05-23 11:14:34', 'img\\products\\1748020474640-WhatsApp_Image_2025-05-13_at_8.54.44_AM.JPG.jpg', 1, 0, 1),
	(73, '71', 'Cartucho de Oxígeno envasado 1.4 oz Turner', 'Cartucho portátil de oxígeno de 1.4 oz a presión, utilizado en aplicaciones técnicas como soldadura, corte con soplete o equipos de combustión. Contiene riesgo de incendio y explosión, de uso profesional.', 17, 18, 90, 1, 480.00, 'MXN', 1, '0', 10, 1.4, 3, 6, '2025-05-23 11:19:45', '2025-05-23 11:19:45', 'img\\products\\1748020785448-WhatsApp_Image_2025-05-13_at_8.55.15_AM.JPG.jpg', 1, 0, 1),
	(74, '72', 'Cartucho de Gas MAP-Pro Turner 14.1 oz', 'Cartucho presurizado de gas MAP-Pro de 14.1 oz para sopletes y aplicaciones de soldadura de alta temperatura, ideal como reemplazo del gas MAPP. Alto poder calorífico y combustión limpia.', 17, 18, 91, 1, 486.00, 'MXN', 1, '0', 10, 14.1, 2, 6, '2025-05-23 11:35:14', '2025-05-23 11:35:14', 'img\\products\\1748021714174-WhatsApp_Image_2025-05-13_at_8.57.36_AM.JPG.jpg', 1, 0, 1),
	(75, '73', 'Cartucho de Gas Propileno Red Burn 400 g', 'Cartucho de gas propileno presurizado de 400 g, diseñado para equipos de soldadura o corte que requieren una llama de alta temperatura. Extremadamente inflamable, de uso profesional.', 17, 18, 92, 1, 384.00, 'MXN', 1, '0', 3, 400, 2, 6, '2025-05-23 11:38:58', '2025-05-23 11:38:58', 'img\\products\\1748021938748-WhatsApp_Image_2025-05-13_at_8.58.11_AM.JPG.jpg', 1, 0, 1),
	(76, '74', 'Refrigerante R-134a Gefrieren 340g', 'Gas refrigerante R-134a en presentación de 340g, utilizado en sistemas de aire acondicionado automotriz y equipos de refrigeración. No inflamable y de uso técnico especializado.', 17, 93, 94, 1, 300.00, 'MXN', 1, '0', 3, 340, 1, 6, '2025-05-23 11:43:09', '2025-05-23 11:43:09', 'img\\products\\1748022189161-WhatsApp_Image_2025-05-13_at_8.58.34_AM.JPG.jpg', 1, 0, 1),
	(77, '75', 'Guantes de Látex para Uso Doméstico Derma Care (Talla Mediana)', 'Par de guantes reutilizables de látex natural, diseñados para uso doméstico en tareas de limpieza. Proveen protección frente a humedad, químicos ligeros y suciedad.', 9, 95, 96, 1, 26.00, 'MXN', 1, '0', 1, 0, 1, 6, '2025-05-23 11:47:41', '2025-05-23 11:47:41', 'img\\products\\1748022461884-WhatsApp_Image_2025-05-13_at_9.02.48_AM.JPG.jpg', 1, 0, 1),
	(78, '76', 'Pistola de Silicón Eléctrica Truper', 'Pistola térmica eléctrica con cable, utilizada con barras de silicón para pegar materiales como cartón, madera, plástico o tela en actividades de manualidades o bricolaje.', 97, 98, 1, 1, 158.00, 'MXN', 1, '0', 1, 0, 1, 6, '2025-05-23 12:13:08', '2025-05-23 12:13:08', 'img\\products\\1748023988234-WhatsApp_Image_2025-05-13_at_9.03.06_AM.JPG.jpg', 1, 0, 1),
	(79, '77', 'Guantes Desechables de Látex Grease Monkey (10 piezas)', 'Guantes de látex desechables con agarre adicional, ideales para actividades como pintura, limpieza, mantenimiento o cambio de aceite. No reutilizables. Contiene 10 piezas.', 9, 95, 99, 1, 42.00, 'MXN', 1, '0', 1, 0, 1, 20, '2025-05-23 12:20:12', '2025-05-23 12:20:12', 'img\\products\\1748024412441-WhatsApp_Image_2025-05-13_at_9.27.30_AM.JPG.jpg', 1, 0, 1),
	(80, '78', 'Conector/ Zócalo para Tubo Fluorescente T8 con Cable', 'Conector tipo zócalo con cable integrado para instalación de tubos fluorescentes T8. Utilizado en luminarias lineales y sistemas de iluminación industrial o comercial.', 2, 100, 101, 1, 51.00, 'MXN', 1, '0', 1, 0, 10, 6, '2025-05-23 12:35:11', '2025-05-23 12:35:11', 'img\\products\\1748025311096-WhatsApp_Image_2025-05-13_at_9.28.09_AM.jpg', 1, 0, 1),
	(81, '79', 'Conector/ Zócalo para Tubo Fluorescente T8 con Cable', 'Clip de plástico diseñado para sujetar tubos fluorescentes tipo T8 en instalaciones de iluminación, permitiendo su fijación segura en techos o estructuras.', 12, 72, 102, 1, 4.00, 'MXN', 1, '0', 1, 0, 58, 6, '2025-05-23 12:42:17', '2025-05-23 12:42:17', 'img\\products\\1748025737873-WhatsApp_Image_2025-05-13_at_9.28.50_AM.JPG.jpg', 1, 0, 1),
	(82, '80', 'Tornillo de Cabeza Cruz Autoperforante', 'Tornillo metálico con cabeza tipo pan y ranura Phillips, ideal para fijaciones rápidas en metal o plástico sin necesidad de taladro previo.', 12, 104, 103, 1, 1.00, 'MXN', 6, '1/8\'\' X 1/2\'\'', 1, 0, 60, 6, '2025-05-23 12:58:20', '2025-05-23 12:58:20', 'img\\products\\1748026700225-WhatsApp_Image_2025-05-13_at_9.31.33_AM.jpg', 1, 0, 1),
	(83, '81', 'Cadena Metálica Delgada Galvanizada', 'Cadena de eslabón delgado hecha de acero galvanizado, ideal para aplicaciones ligeras como colgar señalización, lámparas o asegurar objetos pequeños.', 12, 105, 106, 1, 15.00, 'MXN', 1, '0', 1, 0, 9, 17, '2025-05-23 13:07:46', '2025-05-23 13:07:46', 'img\\products\\1748027266587-WhatsApp_Image_2025-05-13_at_9.42.00_AM.JPG.jpg', 1, 0, 1),
	(84, '82', 'Cadena Metálica Eslabón Largo Galvanizada', 'Cadena de acero galvanizado con eslabones largos, ideal para aplicaciones de carga media, sujeción, señalización o uso general en talleres y almacenes.', 12, 105, 106, 1, 12.00, 'MXN', 1, '0', 1, 0, 3.3, 17, '2025-05-23 13:24:00', '2025-05-23 13:24:00', 'img\\products\\1748028240417-WhatsApp_Image_2025-05-13_at_9.43.09_AM.JPG.jpg', 1, 0, 1),
	(85, '83', 'Ganchos Abiertos Fiero 20x70 mm', 'Gancho tipo escuadra galvanizado, con rosca para fijación directa en madera o taquete. Ideal para colgar cadenas, cables o herramientas.', 12, 108, 107, 1, 1.00, 'MXN', 2, '20 X 70', 1, 0, 105, 6, '2025-05-23 13:32:46', '2025-05-23 13:32:46', 'img\\products\\1748028766296-WhatsApp_Image_2025-05-13_at_9.43.52_AM.jpg', 1, 0, 1),
	(86, '84', 'Llave Combinada 3/4"', 'Llave combinada de acero forjado, con extremo abierto y estriado. Ideal para ajuste o aflojado de tuercas y pernos de 3/4".', 109, 110, 1, 1, 136.00, 'MXN', 6, '3/4\'\'', 1, 0, 1, 6, '2025-05-23 13:40:03', '2025-05-23 13:40:03', 'img\\products\\1748029203203-WhatsApp_Image_2025-05-13_at_9.49.58_AM.jpg', 1, 0, 1),
	(87, '85', 'Llave Combinada 19mm', 'Llave combinada de acero forjado, con extremo abierto y estriado. Ideal para ajuste o aflojado de tuercas y pernos de 19mm.', 109, 110, 1, 1, 132.00, 'MXN', 1, '0', 1, 0, 1, 6, '2025-05-23 13:47:05', '2025-05-23 18:06:19', 'img\\products\\1748029625451-WhatsApp_Image_2025-05-13_at_9.50.27_AM.jpg', 1, 0, 1),
	(88, '86', 'Llave Combinada 3/4"', 'Llave combinada de acero forjado, con extremo abierto y estriado. Ideal para ajuste o aflojado de tuercas y pernos de 9/16".', 109, 110, 111, 1, 100.00, 'MXN', 6, '9/16\'\'', 1, 0, 1, 6, '2025-05-23 18:14:50', '2025-05-23 18:14:50', 'img\\products\\1748045690265-WhatsApp_Image_2025-05-13_at_9.50.57_AM.JPG.jpg', 1, 0, 1),
	(89, '87', 'Llave Combinada 5/8"', 'Llave combinada de acero forjado, con extremo abierto y estriado. Ideal para ajuste o aflojado de tuercas y pernos de 5/8\'\'.', 109, 110, 111, 1, 86.00, 'MXN', 1, '0', 1, 0, 1, 6, '2025-05-23 18:18:12', '2025-05-23 18:18:12', 'img\\products\\1748045892478-WhatsApp_Image_2025-05-13_at_9.51.09_AM_(1).JPG.jpg', 1, 0, 1),
	(90, '88', 'Matraca de 3/8"', 'Mango de trinquete de acero cromado con cabeza reversible, compatible con dados de 3/8". Mango moleteado para mejor agarre.', 109, 112, 1, 1, 279.00, 'MXN', 6, '3/8\'\'', 1, 0, 3, 6, '2025-05-23 18:35:40', '2025-05-23 18:35:40', 'img\\products\\1748046940857-WhatsApp_Image_2025-05-13_at_9.52.14_AM.JPG.jpg', 1, 0, 1),
	(91, '89', 'Llave Combinada 7/16"', 'Llave combinada de acero forjado, con extremo abierto y estriado. Ideal para ajuste o aflojado de tuercas y pernos de 7/16".', 109, 110, 111, 1, 73.00, 'MXN', 1, '0', 1, 0, 1, 6, '2025-05-23 18:41:26', '2025-05-23 18:41:26', 'img\\products\\1748047285984-WhatsApp_Image_2025-05-13_at_9.52.30_AM.JPG.jpg', 1, 0, 1),
	(92, '90', 'Llave Combinada 10mm', 'Llave combinada de acero forjado, con extremo abierto y estriado. Ideal para ajuste o aflojado de tuercas y pernos de 10mm.', 109, 110, 111, 1, 62.00, 'MXN', 1, '0', 1, 0, 1, 6, '2025-05-23 18:47:23', '2025-05-23 18:47:23', 'img\\products\\1748047643116-WhatsApp_Image_2025-05-13_at_9.52.56_AM.JPG.jpg', 1, 0, 1),
	(93, '91', 'Llave Combinada 1/2"', 'Llave combinada de acero forjado, con extremo abierto y estriado. Ideal para ajuste o aflojado de tuercas y pernos de 1/2".', 109, 110, 111, 1, 60.00, 'MXN', 6, '1/2\'\'', 1, 0, 2, 6, '2025-05-23 18:52:23', '2025-05-23 19:13:16', 'img\\products\\1748047943075-WhatsApp_Image_2025-05-13_at_9.53.56_AM.JPG.jpg', 1, 0, 1),
	(94, '92', 'Extensión para Matraca 1/4” (larga)', 'Barra de extensión cromada para matraca de 1/4", ideal para alcanzar espacios profundos. Fabricada en acero resistente al desgaste.', 109, 114, 1, 1, 135.00, 'MXN', 6, '1/4\'\'', 1, 0, 1, 1, '2025-05-23 19:11:53', '2025-05-23 19:11:53', 'img\\products\\1748049113458-WhatsApp_Image_2025-05-13_at_9.55.32_AM.JPG.jpg', 1, 0, 1),
	(95, '93', 'Llave Combinada 12mm', 'Llave combinada de acero forjado, con extremo abierto y estriado. Ideal para ajuste o aflojado de tuercas y pernos de 12mm.', 109, 110, 111, 1, 83.00, 'MXN', 1, '0', 1, 0, 1, 6, '2025-05-23 19:19:27', '2025-05-23 19:19:27', 'img\\products\\1748049567139-WhatsApp_Image_2025-05-13_at_9.56.05_AM.JPG.jpg', 1, 0, 1),
	(96, '94', 'Llave Española Fija Doble 16x17 mm', 'Llave Española fija de doble boca fabricada en acero cromo vanadio, ideal para apretar o aflojar tuercas y tornillos hexagonales.', 109, 115, 116, 1, 107.00, 'MXN', 2, '16 X 17', 1, 0, 1, 6, '2025-05-23 19:43:23', '2025-05-23 19:43:23', 'img\\products\\1748051003364-WhatsApp_Image_2025-05-13_at_9.56.15_AM.JPG.jpg', 1, 0, 1),
	(97, '95', 'Llave Española Fija Doble 13x15 mm', 'Llave Española fija de doble boca de acero, útil para trabajos mecánicos, reparaciones caseras y mantenimiento en general.', 109, 115, 116, 1, 20.00, 'MXN', 1, '0', 1, 0, 1, 6, '2025-05-23 19:48:11', '2025-05-23 19:48:11', 'img\\products\\1748051291625-WhatsApp_Image_2025-05-13_at_9.56.27_AM.JPG.jpg', 1, 0, 1),
	(98, '96', 'Llave 12 x 14 mm (fija de doble boca)', 'Llave fija de doble boca con medidas 12 mm y 14 mm, ideal para apretar o aflojar tuercas y tornillos hexagonales. Fabricada en acero resistente para uso mecánico o industrial.', 109, 115, 116, 1, 132.00, 'MXN', 2, '12 X 14', 1, 0, 1, 6, '2025-05-27 18:35:47', '2025-05-27 18:35:47', 'img\\products\\1748392547594-WhatsApp_Image_2025-05-13_at_9.56.34_AM.JPG.jpg', 1, 0, 1),
	(99, '97', 'Llave combinada 16 mm', 'Llave combinada de 16 mm con extremo abierto y boca de estrella, ideal para trabajos mecánicos que requieren firme sujeción y torque. Marca Snap-on, reconocida por su alta calidad.', 109, 110, 111, 1, 72.00, 'MXN', 2, '16', 1, 0, 1, 6, '2025-05-27 18:48:27', '2025-05-27 18:48:27', 'img\\products\\1748393307548-WhatsApp_Image_2025-05-13_at_9.56.45_AM.jpg', 1, 0, 1),
	(100, '98', 'Llave combinada 16 mm marca Pretul', 'Llave combinada de 16 mm con extremo abierto y boca de estrella, ideal para trabajos mecánicos que requieren firme sujeción y torque. Marca Pretul', 109, 110, 111, 1, 78.00, 'MXN', 2, '11', 1, 0, 1, 6, '2025-05-27 19:00:46', '2025-05-27 19:00:46', 'img\\products\\1748394046187-WhatsApp_Image_2025-05-13_at_9.57.01_AM_(1).jpg', 1, 0, 1),
	(101, '99', 'Llave combinada 1/2" (marca Pretul)', 'Llave combinada de 1/2 pulgada, con extremo abierto y boca estriada tipo estrella. Ideal para mecánica general. Fabricada en acero cromado, marca Pretul.', 109, 110, 111, 1, 73.00, 'MXN', 1, '0', 1, 0, 1, 6, '2025-05-27 19:04:23', '2025-05-27 19:04:23', 'img\\products\\1748394263850-WhatsApp_Image_2025-05-13_at_9.57.11_AM.JPG.jpg', 1, 0, 1),
	(102, '100', 'Llave combinada 15mm', 'Llave combinada de 15 mm, con extremo abierto y boca estriada tipo estrella. Ideal para mecánica general. Fabricada en acero cromado,', 109, 110, 111, 1, 76.00, 'MXN', 1, '0', 1, 0, 1, 6, '2025-05-27 19:07:19', '2025-05-27 19:07:19', 'img\\products\\1748394439381-WhatsApp_Image_2025-05-13_at_9.57.35_AM.JPG.jpg', 1, 0, 1),
	(103, '101', 'Dado 3/8"', 'Dado manual de 3/8” de entrada cuadrada, ideal para usarse con matracas o manerales. Diseñado para apretar o aflojar tuercas y tornillos en trabajos mecánicos o automotrices.', 109, 117, 1, 1, 58.00, 'MXN', 6, '3/8\'\'', 1, 0, 1, 6, '2025-05-27 19:15:12', '2025-05-27 19:15:12', 'img\\products\\1748394912259-WhatsApp_Image_2025-05-13_at_9.58.07_AM.JPG.jpg', 1, 0, 1),
	(104, '102', 'Dado 7/16"', 'Dado manual de 7/16” de entrada cuadrada, ideal para usarse con matracas o manerales. Diseñado para apretar o aflojar tuercas y tornillos en trabajos mecánicos o automotrices.', 109, 117, 1, 1, 23.00, 'MXN', 1, '0', 1, 0, 1, 6, '2025-05-27 19:17:19', '2025-05-27 19:17:19', 'img\\products\\1748395039455-WhatsApp_Image_2025-05-13_at_9.58.15_AM.JPG.jpg', 1, 0, 1),
	(105, '103', 'Dado 1/2"', 'Dado manual de 1/2” de entrada cuadrada, ideal para usarse con matracas o manerales. Diseñado para apretar o aflojar tuercas y tornillos en trabajos mecánicos o automotrices.', 109, 117, 1, 1, 45.00, 'MXN', 1, '0', 1, 0, 1, 6, '2025-05-27 19:20:27', '2025-05-27 19:20:27', 'img\\products\\1748395227519-WhatsApp_Image_2025-05-13_at_9.58.25_AM.JPG.jpg', 1, 0, 1),
	(106, '104', 'Dado 3/8" x 8.5 mm (métrico)', 'Dado manual de 3/8" de entrada y 8.5 mm de apertura, ideal para tuercas y tornillos métricos. Compatible con matracas o manerales. Construcción cromada de alta resistencia.', 109, 117, 1, 1, 59.00, 'MXN', 1, '0', 1, 0, 1, 1, '2025-05-27 19:24:26', '2025-05-27 19:24:26', 'img\\products\\1748395466824-WhatsApp_Image_2025-05-13_at_9.58.32_AM.JPG.jpg', 1, 0, 1),
	(107, '105', 'Dado 5/8"', 'Dado manual de 5/8” de entrada cuadrada, ideal para usarse con matracas o manerales. Diseñado para apretar o aflojar tuercas y tornillos en trabajos mecánicos o automotrices.', 109, 117, 1, 1, 59.00, 'MXN', 1, '0', 1, 0, 1, 6, '2025-05-27 19:27:21', '2025-05-27 19:27:21', 'img\\products\\1748395641446-WhatsApp_Image_2025-05-13_at_9.58.45_AM.JPG.jpg', 1, 0, 1),
	(108, '106', 'Dado 9/16"', 'Dado manual de 9/16” de entrada cuadrada, ideal para usarse con matracas o manerales. Diseñado para apretar o aflojar tuercas y tornillos en trabajos mecánicos o automotrices.', 109, 117, 1, 1, 95.00, 'MXN', 1, '0', 1, 0, 1, 6, '2025-05-27 19:29:23', '2025-05-27 19:29:23', 'img\\products\\1748395763584-WhatsApp_Image_2025-05-13_at_9.58.52_AM.JPG.jpg', 1, 0, 1),
	(109, '107', 'Dado 13mm', 'Dado manual de 13mm de entrada cuadrada, ideal para usarse con matracas o manerales. Diseñado para apretar o aflojar tuercas y tornillos en trabajos mecánicos o automotrices.', 109, 117, 1, 1, 79.00, 'MXN', 1, '0', 1, 0, 1, 6, '2025-05-27 19:33:24', '2025-05-27 19:33:24', 'img\\products\\1748396004832-WhatsApp_Image_2025-05-13_at_9.59.04_AM.jpg', 1, 0, 1),
	(110, '108', 'Dado 13mm', 'Dado manual de 13mm de entrada cuadrada, ideal para usarse con matracas o manerales. Diseñado para apretar o aflojar tuercas y tornillos en trabajos mecánicos o automotrices.', 109, 117, 1, 1, 27.00, 'MXN', 1, '0', 1, 0, 1, 6, '2025-05-27 19:38:39', '2025-05-27 19:38:39', 'img\\products\\1748396319071-WhatsApp_Image_2025-05-13_at_9.59.04_AM_(1).JPG.jpg', 1, 0, 1),
	(111, '109', 'Dado 10mm', 'Dado manual de 3/8” de entrada cuadrada, ideal para usarse con matracas o manerales. Diseñado para apretar o aflojar tuercas y tornillos en trabajos mecánicos o automotrices.', 109, 117, 1, 1, 28.00, 'MXN', 1, '0', 1, 0, 1, 6, '2025-05-27 19:40:45', '2025-05-27 19:40:45', 'img\\products\\1748396445735-WhatsApp_Image_2025-05-13_at_9.59.26_AM.JPG.jpg', 1, 0, 1),
	(112, '110', 'Extensión con dado fijo de 10 mm', 'Extensión metálica con dado fijo de 10 mm, ideal para alcanzar tuercas en espacios profundos o de difícil acceso. Superficie estriada para mejor agarre manual.', 109, 117, 114, 1, 150.00, 'MXN', 1, '0', 1, 0, 1, 6, '2025-05-27 19:44:49', '2025-05-27 19:44:49', 'img\\products\\1748396689432-WhatsApp_Image_2025-05-13_at_9.59.58_AM.JPG.jpg', 1, 0, 1),
	(113, '111', 'Llave combinada 10mm', 'Llave combinada de 1/2 pulgada, con extremo abierto y boca estriada tipo estrella. Ideal para mecánica general. Fabricada en acero cromado.', 109, 110, 111, 1, 50.00, 'MXN', 1, '0', 1, 0, 1, 6, '2025-05-27 19:47:18', '2025-05-27 19:47:18', 'img\\products\\1748396838080-WhatsApp_Image_2025-05-13_at_10.00.09_AM.JPG.jpg', 1, 0, 1),
	(114, '112', 'Llave Combinada fija 3/8" x 7/16"', 'Llave fija doble con medidas SAE de 3/8" y 7/16", ideal para trabajos mecánicos en sistemas con medidas en pulgadas. Fabricada en acero al carbono, resistente al uso rudo.', 109, 115, 111, 1, 64.00, 'MXN', 6, '3/8" x 7/16"', 1, 0, 1, 6, '2025-05-27 20:22:19', '2025-05-27 20:22:19', 'img\\products\\1748398939118-WhatsApp_Image_2025-05-13_at_10.00.39_AM.JPG.jpg', 1, 0, 1),
	(115, '113', 'Extensión de 1/4" para dado', 'Extensión metálica de 1/4" de entrada, ideal para alcanzar tuercas y tornillos en espacios profundos. Compatible con dados manuales de 1/4" y herramientas de trinquete.', 109, 117, 114, 1, 65.00, 'MXN', 1, '0', 1, 0, 1, 6, '2025-05-27 20:27:03', '2025-05-27 20:27:03', 'img\\products\\1748399223481-WhatsApp_Image_2025-05-13_at_10.00.55_AM.JPG.jpg', 1, 0, 1),
	(116, '114', 'Llave combinada 7/16"', 'Llave combinada de 1/2 pulgada, con extremo abierto y boca estriada tipo estrella. Ideal para mecánica general. Fabricada en acero cromado.', 109, 110, 111, 1, 26.00, 'MXN', 6, '7/16"', 1, 0, 1, 6, '2025-05-27 20:30:59', '2025-05-27 20:30:59', 'img\\products\\1748399459677-WhatsApp_Image_2025-05-13_at_10.01.09_AM.JPG.jpg', 1, 0, 1),
	(117, '115', 'Rollo de Alambre galvanizado calibre 18 (marca Fiero)', 'Alambre galvanizado calibre 18, ideal para uso general en construcción, sujeción o cercado. Resistente a la corrosión y flexible para múltiples aplicaciones.', 30, 31, 118, 2, 86.00, 'MXN', 8, '18', 1, 0, 3, 23, '2025-05-27 20:42:58', '2025-05-27 20:42:58', 'img\\products\\1748400178201-WhatsApp_Image_2025-05-13_at_10.02.38_AM.JPG.jpg', 1, 0, 1),
	(118, '116', 'Alambre recocido (rollo)', 'Rollo de alambre recocido de acero, comúnmente usado en la construcción para atado de varillas, amarres y estructuras. Flexible, maleable y fácil de cortar.', 30, 31, 119, 2, 84.00, 'MXN', 1, '0', 1, 0, 3, 23, '2025-05-27 20:59:49', '2025-05-27 20:59:49', 'img\\products\\1748401189954-WhatsApp_Image_2025-05-13_at_10.03.30_AM.JPG.jpg', 1, 0, 1),
	(119, '117', 'Cable uso rudo calibre 14', 'Cable uso rudo calibre 14, ideal para conexiones eléctricas en exteriores o zonas de alto desgaste. Aislado y reforzado para resistir abrasión, humedad y temperatura.', 85, 87, 1, 2, 58.00, 'MXN', 8, '14', 17, 0, 8, 17, '2025-05-27 21:14:15', '2025-05-31 21:51:31', 'img\\products\\1748402055391-WhatsApp_Image_2025-05-13_at_10.05.49_AM.JPG.jpg', 1, 0, 1),
	(120, '118', 'Sierra de disco tipo tronzadora (marca Milwaukee)', 'Sierra de disco tipo tronzadora marca Milwaukee, ideal para cortes rectos en metal. Uso industrial, de alta potencia y precisión. Herramienta robusta para trabajos exigentes de corte.', 120, 121, 122, 3, 4900.00, 'MXN', 1, '0', 1, 0, 1, 6, '2025-05-28 11:06:54', '2025-05-28 11:06:54', 'img\\products\\1748452014483-WhatsApp_Image_2025-05-13_at_10.07.21_AM.JPG.jpg', 1, 0, 1),
	(121, '119', 'Bomba sumergible Truper 1 HP para agua sucia', 'Bomba sumergible Truper de 1 HP para agua sucia, ideal para vaciado de cisternas, tinacos o espacios inundados. Potente motor de 750 W, caudal máximo de 217 L/min. Compatible con flotador automático.', 22, 124, 123, 3, 1600.00, 'MXN', 1, '0', 1, 0, 1, 6, '2025-05-28 11:23:37', '2025-05-28 11:23:37', 'img\\products\\1748453017886-WhatsApp_Image_2025-05-13_at_10.09.05_AM.JPG.jpg', 1, 0, 1),
	(122, '120', 'Sierra para tablaroca / segueta de mano', 'Segueta manual con mango de madera, diseñada para cortar tablaroca, madera o materiales ligeros en espacios reducidos o cortes curvos. Ideal para trabajos de precisión.', 109, 126, 127, 4, 100.00, 'MXN', 1, '0', 1, 0, 1, 6, '2025-05-28 11:32:15', '2025-05-28 11:32:15', 'img\\products\\1748453535701-WhatsApp_Image_2025-05-13_at_10.10.29_AM.JPG.jpg', 1, 0, 1),
	(123, '121', 'Rueda para portón de 6”', 'Rueda metálica de 6" con balero central, diseñada para portones corredizos. Soporta gran peso y facilita el deslizamiento suave sobre rieles. Ideal para uso residencial o industrial.', 30, 128, 129, 2, 249.00, 'MXN', 6, '6', 1, 0, 1, 6, '2025-05-28 12:02:41', '2025-05-28 12:02:41', 'img\\products\\1748455361943-WhatsApp_Image_2025-05-13_at_10.11.26_AM.jpg', 1, 0, 1),
	(124, '122', 'Guía Jalacables o Pasacables  de plástico', 'Guía de plástico flexible para tendido de cables eléctricos en ductos o canaletas. Facilita el paso del cable sin dañarlo, especialmente en instalaciones ocultas o de difícil acceso.', 2, 131, 132, 3, 269.00, 'MXN', 1, '0', 1, 0, 1, 6, '2025-05-28 14:14:25', '2025-05-28 14:14:25', 'img\\products\\1748463265141-WhatsApp_Image_2025-05-13_at_11.39.14_AM_(1).JPG.jpg', 1, 0, 1),
	(125, '123', 'Fleje perforado metálico (también conocido como cinta perforada galvanizada)', 'Fleje metálico perforado galvanizado en rollo, ideal para sujetar, fijar o colgar estructuras, tubos y componentes ligeros. Flexible y ajustable al corte según necesidad.', 30, 133, 134, 3, 733.00, 'MXN', 1, '0', 1, 0, 1, 23, '2025-05-28 14:24:32', '2025-05-28 14:24:32', 'img\\products\\1748463872288-WhatsApp_Image_2025-05-13_at_11.39.39_AM.JPG.jpg', 1, 0, 1),
	(126, '124', 'Cinta de aluminio autoadhesiva con refuerzo', 'Cinta adhesiva de aluminio con refuerzo, ideal para sellar, aislar y reparar ductos o superficies metálicas. Alta resistencia a temperatura, humedad y rayos UV.', 135, 1, 1, 4, 1.00, 'MXN', 1, '0', 1, 0, 1, 17, '2025-05-28 14:27:59', '2025-05-28 14:27:59', 'img\\products\\1748464079627-WhatsApp_Image_2025-05-13_at_11.40.46_AM.JPG.jpg', 1, 0, 1),
	(127, '125', 'Cinta de malla de fibra de vidrio (para tablaroca o juntas)', 'Cinta de malla de fibra de vidrio autoadhesiva, ideal para refuerzo de juntas en paneles de yeso o tablaroca. Mejora la resistencia del acabado y previene agrietamientos.', 30, 136, 137, 3, 129.00, 'MXN', 1, '0', 1, 0, 1, 23, '2025-05-28 14:31:32', '2025-05-28 14:31:32', 'img\\products\\1748464292178-WhatsApp_Image_2025-05-13_at_11.40.55_AM.JPG.jpg', 1, 0, 1),
	(128, '126', 'Guía para cable de metal (guía jalacables metálica)', 'Guía metálica para tendido de cableado eléctrico, ideal para ductos largos o con curvas cerradas. Alta resistencia y rigidez para instalaciones profesionales.', 2, 131, 132, 3, 400.00, 'MXN', 1, '0', 1, 0, 1, 6, '2025-05-28 14:35:15', '2025-05-28 14:35:15', 'img\\products\\1748464515455-WhatsApp_Image_2025-05-13_at_11.41.43_AM.JPG.jpg', 1, 0, 1),
	(135, '1161748534232289', 'Cinta doble cara', 'Cinta doble cara de uso general, ideal para fijar objetos sobre superficies sin clavos ni tornillos. Excelente adherencia en papel, madera, plástico y metal.', 142, 141, 1, 3, 65.00, 'MXN', 1, '0', 1, 0, 1, 6, '2025-05-29 09:57:12', '2025-05-29 09:57:12', 'img\\products\\1748534232301-WhatsApp_Image_2025-05-13_at_11.42.29_AM.JPG.jpg', 1, 0, 1),
	(136, '1171748534349569', 'Masking tape (cinta para enmascarar)', 'Cinta masking tape de papel crepé con adhesivo removible, ideal para enmascarar superficies durante pintura, marcar, etiquetar o proteger acabados.', 142, 141, 1, 3, 23.00, 'MXN', 1, '0', 1, 0, 1, 6, '2025-05-29 09:59:09', '2025-05-29 09:59:09', 'img\\products\\1748534349573-WhatsApp_Image_2025-05-13_at_11.42.45_AM.JPG.jpg', 1, 0, 1),
	(137, '1181748534573998', 'Cinta de papel para juntas (marca Panel Rey)', 'Cinta de papel reforzada para juntas entre paneles de yeso o tablaroca. Brinda una base uniforme para aplicar compuesto y lograr un acabado limpio y resistente.', 30, 136, 135, 3, 98.00, 'MXN', 1, '0', 1, 0, 1, 6, '2025-05-29 10:02:54', '2025-05-29 10:02:54', 'img\\products\\1748534574003-WhatsApp_Image_2025-05-13_at_11.43.08_AM.JPG.jpg', 1, 0, 1),
	(138, '1191748534816121', 'Cinta de foil de aluminio reforzado (Calem CT-FSK-0710-50A)', 'Cinta de foil de aluminio reforzado con adhesivo acrílico, resistente a la intemperie. Ideal para aislamiento térmico, ductos de HVAC y superficies expuestas a temperaturas extremas.', 12, 135, 1, 3, 230.00, 'MXN', 1, '0', 1, 0, 2, 6, '2025-05-29 10:06:56', '2025-05-29 10:06:56', 'img\\products\\1748534816126-WhatsApp_Image_2025-05-13_at_11.44.34_AM.JPG.jpg', 1, 0, 1),
	(139, '1201748535229688', 'Rollo de vinil adhesivo tipo mármol', 'Vinil autoadherible con diseño tipo mármol, ideal para recubrimientos decorativos en muebles, paredes o superficies lisas. Resistente al agua y fácil de aplicar.', 30, 143, 144, 3, 100.00, 'MXN', 1, '0', 1, 0, 1, 6, '2025-05-29 10:13:49', '2025-05-29 10:13:49', 'img\\products\\1748535229693-WhatsApp_Image_2025-05-13_at_11.44.47_AM.JPG.jpg', 1, 0, 1),
	(140, '1211748535944544', 'Rollo de Alambre Galvanizado calibre 16 (marca Fiero)', 'Rollo de alambre galvanizado calibre 16, ideal para usos generales en construcción, cercado o amarres. Ofrece resistencia a la corrosión y larga duración gracias a su recubrimiento de zinc.', 30, 31, 118, 3, 60.00, 'MXN', 1, '0', 1, 0, 1, 23, '2025-05-29 10:25:44', '2025-05-29 10:25:44', 'img\\products\\1748535944549-WhatsApp_Image_2025-05-13_at_11.45.06_AM.JPG.jpg', 1, 0, 1),
	(141, '1221748536859183', 'Interruptor Termomagnético (Breaker)', 'Interruptor termomagnético de 10000 amperes, diseñado para proteger instalaciones eléctricas contra sobrecargas y cortocircuitos. Ideal para aplicaciones industriales o residenciales.', 2, 145, 1, 4, 139.00, 'MXN', 1, '0', 1, 0, 1, 6, '2025-05-29 10:40:59', '2025-05-29 10:40:59', 'img\\products\\1748536859188-WhatsApp_Image_2025-05-13_at_11.49.48_AM.JPG.jpg', 1, 0, 1),
	(142, '1231748537209427', 'Interruptor Automático / Termomagnético EGB34100 – 100A', 'Interruptor automático termomagnético EGB34100 de 100 amperes, ideal para protección de sistemas trifásicos de media capacidad. Marca Square D. Aplicable en tableros industriales o comerciales.', 2, 145, 1, 4, 7000.00, 'MXN', 1, '0', 1, 0, 1, 6, '2025-05-29 10:46:49', '2025-05-29 10:46:49', 'img\\products\\1748537209432-WhatsApp_Image_2025-05-13_at_11.50.23_AM.JPG.jpg', 1, 0, 1),
	(143, '1241748537394741', 'Interruptor de Seguridad ROYER WD2231 (EATON)', 'Interruptor de seguridad ROYER WD2231 de 3 polos, con capacidad de 30A y tensión de 250V. Diseñado para aplicaciones industriales que requieren cortes de energía seguros y controlados.', 2, 146, 1, 5, 157.00, 'MXN', 1, '0', 1, 0, 2, 6, '2025-05-29 10:49:54', '2025-05-29 10:49:54', 'img\\products\\1748537394745-WhatsApp_Image_2025-05-13_at_11.50.41_AM.JPG.jpg', 1, 0, 1),
	(144, '1251748537833186', 'Interruptor Termomagnético Trifásico Estevez EP-330C – 30A', 'Breaker trifásico Estevez EP-330C de 30 amperes, con capacidad de 10kA a 240V. Utilizado para proteger circuitos eléctricos industriales o comerciales de sobrecargas y cortocircuitos.', 2, 145, 1, 5, 355.00, 'MXN', 1, '0', 1, 0, 1, 6, '2025-05-29 10:57:13', '2025-05-29 10:57:13', 'img\\products\\1748537833193-WhatsApp_Image_2025-05-13_at_11.50.59_AM.JPG.jpg', 1, 0, 1),
	(145, '1261748538143543', 'Capacitor de Arranque 25µF – INCO Sintex', 'Capacitor de trabajo INCO Sintex de 25 microfaradios (µF), ideal para motores monofásicos en aplicaciones de aire acondicionado, bombas y ventiladores. Rango de operación hasta 450V a 50/60Hz.', 2, 88, 89, 5, 350.00, 'MXN', 1, '0', 1, 0, 2, 6, '2025-05-29 11:02:23', '2025-05-29 11:08:42', 'img\\products\\1748538143548-WhatsApp_Image_2025-05-13_at_11.52.24_AM.JPG.jpg', 1, 0, 1),
	(146, '1271748538490059', 'Capacitor de Arranque 18µF – INCO Sintex', 'Capacitor de trabajo INCO Sintex de 18 microfaradios (µF), ideal para motores monofásicos en aplicaciones de aire acondicionado, bombas y ventiladores. Rango de operación hasta 450V a 50/60Hz.', 2, 88, 89, 5, 180.00, 'MXN', 1, '0', 1, 0, 1, 6, '2025-05-29 11:08:10', '2025-05-29 11:08:10', 'img\\products\\1748538490063-WhatsApp_Image_2025-05-13_at_11.52.29_AM.JPG.jpg', 1, 0, 1),
	(147, '1281748538690820', 'Interruptor Automático Trifásico FA36070 – 70A (Square D)', 'Interruptor automático trifásico FA36070 de 70 amperes, marca Square D. Diseñado para protección de instalaciones eléctricas industriales hasta 600V y 14kA de capacidad de interrupción.', 2, 145, 1, 5, 5000.00, 'MXN', 1, '0', 1, 0, 1, 6, '2025-05-29 11:11:30', '2025-05-29 11:11:30', 'img\\products\\1748538690824-WhatsApp_Image_2025-05-13_at_11.53.07_AM.JPG.jpg', 1, 0, 1),
	(148, '1291748538874104', 'Hidrolavadora Eléctrica (marca Karcher, línea doméstica o ligera)', 'Hidrolavadora eléctrica portátil ideal para la limpieza de patios, autos y maquinaria ligera. Funciona a presión y es compatible con múltiples boquillas y accesorios.', 9, 120, 147, 5, 4000.00, 'MXN', 1, '0', 1, 0, 1, 6, '2025-05-29 11:14:34', '2025-05-29 11:14:34', 'img\\products\\1748538874108-WhatsApp_Image_2025-05-13_at_11.53.26_AM.jpg', 1, 0, 1),
	(149, '1301748539168033', 'Cable calibre 14 (uso general)', 'Cable calibre 14 de cobre, aislado, para instalaciones eléctricas residenciales, comerciales o industriales de baja tensión. Flexible y resistente, ideal para conexiones generales.', 2, 85, 148, 5, 12.00, 'MXN', 8, '14', 17, 0, 4.8, 17, '2025-05-29 11:19:28', '2025-05-31 21:51:47', 'img\\products\\1748539168037-WhatsApp_Image_2025-05-13_at_11.57.34_AM.JPG.jpg', 1, 0, 1),
	(150, '1311748540102852', 'Hilo de albañil / Cuerda plomada (color rojo)', 'Hilo de albañil resistente, ideal para trazado y nivelación en obras de construcción. Color llamativo para mayor visibilidad y precisión en líneas rectas.', 12, 25, 149, 5, 55.00, 'MXN', 1, '0', 1, 0, 1, 23, '2025-05-29 11:35:02', '2025-05-29 11:35:02', 'img\\products\\1748540102856-WhatsApp_Image_2025-05-13_at_11.57.48_AM.JPG.jpg', 1, 0, 1),
	(151, '1321748540349716', 'Rollo de cuerda de nylon blanca', 'Rollo de cuerda de nylon resistente, ideal para amarres, cargas ligeras, instalaciones provisionales o usos generales en hogar y construcción.', 12, 150, 1, 5, 45.00, 'MXN', 1, '0', 1, 0, 1, 23, '2025-05-29 11:39:09', '2025-05-29 11:39:09', 'img\\products\\1748540349721-WhatsApp_Image_2025-05-13_at_11.57.55_AM.JPG.jpg', 1, 0, 1),
	(152, '1331748540924257', 'Plomada con cuerda (herramienta de nivelación vertical)', 'Plomada con cuerda utilizada para marcar y verificar la verticalidad en obras de construcción. Ideal para muros, columnas y trazos precisos.', 25, 151, 1, 5, 250.00, 'MXN', 1, '0', 1, 0, 2, 6, '2025-05-29 11:48:44', '2025-05-29 11:48:44', 'img\\products\\1748540924261-WhatsApp_Image_2025-05-13_at_11.58.15_AM.JPG.jpg', 1, 0, 1),
	(153, '1341748542023074', 'Cincel de cuña 3/4" (manual)', 'Cincel de cuña pequeña para corte o demolición de concreto, ladrillo y piedra. Ideal para trabajos manuales de precisión en construcción o albañilería.', 109, 152, 1, 5, 122.00, 'MXN', 1, '0', 1, 0, 2, 6, '2025-05-29 12:07:03', '2025-05-29 12:07:03', 'img\\products\\1748542023079-WhatsApp_Image_2025-05-13_at_11.59.07_AM.JPG.jpg', 1, 0, 1),
	(154, '1351748542129273', 'Cincel de cuña 1 1/2" (manual)', 'Cincel de cuña pequeña para corte o demolición de concreto, ladrillo y piedra. Ideal para trabajos manuales de precisión en construcción o albañilería.', 109, 152, 1, 5, 169.00, 'MXN', 1, '0', 1, 0, 1, 1, '2025-05-29 12:08:49', '2025-05-29 12:08:49', 'img\\products\\1748542129277-WhatsApp_Image_2025-05-13_at_11.59.07_AM2.JPG.jpg', 1, 0, 1),
	(155, '1361748542225420', 'Cincel de cuña 3" (manual)', 'Cincel de cuña pequeña para corte o demolición de concreto, ladrillo y piedra. Ideal para trabajos manuales de precisión en construcción o albañilería.', 109, 152, 1, 5, 249.00, 'MXN', 1, '0', 1, 0, 1, 6, '2025-05-29 12:10:25', '2025-05-29 12:10:25', 'img\\products\\1748542225424-WhatsApp_Image_2025-05-13_at_11.59.07_AM3.JPG.jpg', 1, 0, 1),
	(156, '1371748542530450', 'Cincel de pala para rotomartillo', 'Cincel de pala ancha compatible con rotomartillo, ideal para demolición de concreto, losetas, azulejos y superficies de obra gruesa. Diseño resistente para uso prolongado.', 53, 153, 1, 5, 598.00, 'MXN', 1, '0', 1, 0, 1, 6, '2025-05-29 12:15:30', '2025-05-29 12:15:30', 'img\\products\\1748542530455-WhatsApp_Image_2025-05-13_at_11.59.25_AM.jpg', 1, 0, 1),
	(157, '1381748542851945', 'Cincel de Punta (manual)', 'Este cincel de punta está diseñado para romper o fracturar superficies duras, como concreto o piedra. Puede agruparse con otros cinceles bajo la subcategoría ya sugerida.', 109, 152, 1, 5, 105.00, 'MXN', 1, '0', 1, 0, 2, 6, '2025-05-29 12:20:51', '2025-05-29 12:20:51', 'img\\products\\1748542851949-WhatsApp_Image_2025-05-13_at_11.59.45_AM.JPG.jpg', 1, 0, 1),
	(158, '1391748547814722', 'Martillo de hierro (tipo uña)', 'Martillo de hierro con uña curvada para clavar y retirar clavos. Ideal para trabajos generales de carpintería y construcción.', 109, 1, 1, 5, 159.00, 'MXN', 1, '0', 1, 0, 1, 6, '2025-05-29 13:43:34', '2025-05-29 13:43:34', 'img\\products\\1748547814727-WhatsApp_Image_2025-05-13_at_12.00.00_PM.JPG.jpg', 1, 0, 1),
	(159, '1401748550040852', 'Rastrillo Pico de construcción (marca Truper)', 'Pico de construcción con mango de madera, ideal para romper tierra dura, rocas o concreto. Herramienta resistente utilizada en obras civiles y trabajos de campo.', 109, 1, 1, 5, 175.00, 'MXN', 1, '0', 1, 0, 2, 6, '2025-05-29 14:20:40', '2025-05-29 14:26:21', 'img\\products\\1748550040857-WhatsApp_Image_2025-05-13_at_12.00.13_PM.JPG.jpg', 1, 0, 1),
	(160, '1411748550580258', 'Charola para mezcla (batea de albañil)', 'Charola plástica rectangular utilizada para preparar mezclas de cemento, mortero o yeso en trabajos de albañilería', 157, 151, 158, 5, 156.00, 'MXN', 1, '0', 1, 0, 1, 6, '2025-05-29 14:29:40', '2025-05-29 14:29:40', 'img\\products\\1748550580263-WhatsApp_Image_2025-05-13_at_12.00.45_PM.JPG.jpg', 1, 0, 1),
	(161, '1421748618439139', 'Cuña de 2" para construcción', 'Cuña de 2 pulgadas usada para ajuste y nivelación en trabajos de albañilería, colocación de marcos o encofrados. Fabricada en madera con superficie plana para mayor precisión.', 157, 151, 159, 5, 30.00, 'MXN', 1, '0', 1, 0, 2, 6, '2025-05-30 09:20:39', '2025-05-30 09:21:47', 'img\\products\\1748618439151-WhatsApp_Image_2025-05-13_at_12.01.20_PM.JPG.jpg', 1, 0, 1),
	(162, '1431748618633535', 'Cuña de 6.5 X 10 cm', 'Cuña  usada para ajuste y nivelación en trabajos de albañilería, colocación de marcos o encofrados. Fabricada en madera con superficie plana para mayor precisión.', 157, 151, 159, 5, 21.00, 'MXN', 1, '0', 1, 0, 4, 6, '2025-05-30 09:23:53', '2025-05-30 09:24:11', 'img\\products\\1748618633540-WhatsApp_Image_2025-05-13_at_12.01.33_PM.JPG.jpg', 1, 0, 1),
	(163, '1441748619213293', 'Separador en cruz para loseta (cruceta)', 'Cruceta plástica para instalación de loseta. Asegura un espaciado uniforme entre piezas para un acabado alineado y profesional.', 157, 151, 1, 5, 1.00, 'MXN', 1, '0', 1, 0, 88, 6, '2025-05-30 09:33:33', '2025-05-30 09:33:33', 'img\\products\\1748619213298-WhatsApp_Image_2025-05-13_at_12.01.50_PM.JPG.jpg', 1, 0, 1),
	(164, '1451748619656142', 'Broca SDS Plus 3/8" x 13" para concreto', 'Broca SDS Plus de 3/8" x 13" para perforación profunda en concreto. Ideal para rotomartillo en instalaciones eléctricas, anclajes y sistemas estructurales.', 53, 161, 162, 5, 600.00, 'MXN', 6, '3/8" X 13"', 1, 0, 1, 6, '2025-05-30 09:40:56', '2025-05-30 09:40:56', 'img\\products\\1748619656146-WhatsApp_Image_2025-05-13_at_12.03.56_PM.JPG.jpg', 1, 0, 1),
	(165, '1461748620074872', 'Cepillo para pintor (marca Truper)', 'Cepillo manual para preparación de superficies antes de pintar, con cerdas mixtas (cola de caballo y sintéticas). Ideal para retirar polvo, cal y residuos.', 163, 29, 164, 6, 78.00, 'MXN', 1, '0', 1, 0, 3, 6, '2025-05-30 09:47:54', '2025-05-30 09:47:54', 'img\\products\\1748620074877-WhatsApp_Image_2025-05-13_at_12.05.13_PM.JPG.jpg', 1, 0, 1),
	(166, '1471748620399900', 'Brocha para pintar (de uso rudo) 2"', 'Brocha de cerdas gruesas ideal para aplicar pintura en superficies grandes y rugosas. Útil en trabajos de obra, herrería y pintura en exteriores.', 163, 165, 166, 6, 72.00, 'MXN', 6, '2"', 1, 0, 2, 6, '2025-05-30 09:53:19', '2025-05-30 09:53:19', 'img\\products\\1748620399905-WhatsApp_Image_2025-05-13_at_12.05.49_PM.JPG.jpg', 1, 0, 1),
	(167, '1481748620612573', 'Brocha de 6" / 152.4 mm para pintura', 'Brocha ancha de 6 pulgadas para aplicación de pintura en superficies extensas. Ideal para pintura en muros, selladores o impermeabilizantes.', 163, 165, 166, 6, 148.00, 'MXN', 1, '6"', 1, 0, 2, 6, '2025-05-30 09:56:52', '2025-05-31 21:50:22', 'img\\products\\1748620612578-WhatsApp_Image_2025-05-13_at_12.06.22_PM.JPG.jpg', 1, 0, 1),
	(168, '1491748620831971', 'Brocha de 1" para detalles', 'Brocha de 1" para pintura detallada en bordes, esquinas o acabados finos. Ligera y fácil de manejar en superficies reducidas.', 163, 165, 166, 6, 22.00, 'MXN', 1, '1"', 1, 0, 3, 6, '2025-05-30 10:00:31', '2025-05-31 21:50:39', 'img\\products\\1748620831975-WhatsApp_Image_2025-05-13_at_12.06.43_PM.JPG.jpg', 1, 0, 1),
	(169, '1501748621074807', 'Inflallantas Truper (aerosol reparador de llantas)', 'Aerosol sellador que infla y repara temporalmente llantas ponchadas sin necesidad de herramientas. Ideal para emergencias en carretera.', 33, 39, 167, 5, 60.00, 'MXN', 1, '0', 3, 340, 1, 22, '2025-05-30 10:04:34', '2025-05-30 10:04:34', 'img\\products\\1748621074812-WhatsApp_Image_2025-05-13_at_12.09.43_PM.JPG.jpg', 1, 0, 1),
	(170, '1511748621494245', 'Cepillo manual de alambre', 'Cepillo manual con cerdas metálicas, ideal para limpiar óxido, residuos de soldadura, concreto seco o superficies difíciles antes de pintar o reparar.', 163, 29, 164, 6, 200.00, 'MXN', 1, '0', 1, 0, 1, 6, '2025-05-30 10:11:34', '2025-05-30 10:11:34', 'img\\products\\1748621494249-WhatsApp_Image_2025-05-13_at_12.10.01_PM.JPG.jpg', 1, 0, 1),
	(171, '1521748621861233', 'Cepillo curvo de alambre con mango', 'Cepillo de alambre curvo con mango plástico ergonómico. Ideal para remover óxido, restos de pintura o residuos en superficies irregulares o de difícil acceso.', 29, 164, 1, 6, 40.00, 'MXN', 1, '0', 1, 0, 2, 6, '2025-05-30 10:17:41', '2025-06-02 15:01:11', 'img\\products\\1748621861237-WhatsApp_Image_2025-05-13_at_12.10.16_PM.JPG.jpg', 1, 0, 1),
	(172, '1531748623542862', 'Tiralíneas', 'Tiralíneas manual con cuerda y depósito para polvo entintado. Ideal para marcar líneas rectas sobre superficies en trabajos de nivelación, alineación o cortes.', 25, 151, 1, 6, 200.00, 'MXN', 1, '0', 1, 0, 5, 6, '2025-05-30 10:45:42', '2025-05-30 10:45:42', 'img\\products\\1748623542867-WhatsApp_Image_2025-05-13_at_12.10.36_PM.JPG.jpg', 1, 0, 1),
	(173, '1541748623735829', 'Gis rojo para tiralíneas', 'Polvo entintado color rojo, usado para marcar líneas rectas sobre superficies con tiralíneas. Ideal para obras de construcción, instalación de pisos, carpintería y trabajos de precisión.', 25, 151, 1, 6, 54.00, 'MXN', 1, '0', 3, 226, 1, 6, '2025-05-30 10:48:55', '2025-05-30 10:48:55', 'img\\products\\1748623735834-WhatsApp_Image_2025-05-13_at_12.10.57_PM.jpg', 1, 0, 1),
	(174, '1551748623923816', 'Llana metálica con mango plástico', 'Llana metálica rectangular con mango ergonómico de plástico. Ideal para acabados finos y alisado de superficies en obras de construcción o remodelación.', 25, 151, 109, 5, 122.00, 'MXN', 1, '0', 1, 0, 1, 6, '2025-05-30 10:52:03', '2025-05-30 10:52:03', 'img\\products\\1748623923821-WhatsApp_Image_2025-05-13_at_12.11.20_PM.jpg', 1, 0, 1),
	(175, '1561748624116006', 'Cuchara de albañil con mango de madera', 'Cuchara metálica con mango de madera. Usada para aplicar, mezclar o colocar mezcla (cemento, mortero, etc.) en trabajos de albañilería. Su forma puntiaguda permite precisión y maniobrabilidad en superficies estrechas o detalles.', 25, 151, 109, 6, 200.00, 'MXN', 1, '0', 1, 0, 3, 6, '2025-05-30 10:55:16', '2025-05-30 10:55:16', 'img\\products\\1748624116010-WhatsApp_Image_2025-05-13_at_12.11.39_PM.JPG.jpg', 1, 0, 1),
	(176, '1571748624279137', 'Llana dentada para azulejo', 'Llana metálica con mango de plástico, borde dentado. Se utiliza para esparcir uniformemente adhesivos en superficies al colocar cerámica o loseta, asegurando una correcta adherencia.', 25, 151, 109, 6, 114.00, 'MXN', 1, '0', 1, 0, 2, 6, '2025-05-30 10:57:59', '2025-05-30 10:57:59', 'img\\products\\1748624279141-WhatsApp_Image_2025-05-13_at_12.12.03_PM.JPG.jpg', 1, 0, 1),
	(177, '1581748625593886', 'Llana de esponja para boquillas', 'Llana con base de goma o esponja y mango de madera. Se emplea para aplicar boquillas o limpiar exceso de material en instalaciones cerámicas. Ideal para acabados limpios y uniformes.', 25, 151, 109, 6, 200.00, 'MXN', 1, '0', 1, 0, 2, 6, '2025-05-30 11:19:53', '2025-05-30 11:19:53', 'img\\products\\1748625593891-WhatsApp_Image_2025-05-13_at_12.12.37_PM.JPG.jpg', 1, 0, 1),
	(178, '1591748625896398', 'Fibra Verde abrasiva (Scotch-Brite) Grande', 'Fibra sintética abrasiva para limpieza en general, util para la eliminación de residuos de cemento o pintura y preparación de superficies. Ideal para detalles de acabado y mantenimiento.', 9, 151, 168, 6, 15.00, 'MXN', 1, '0', 1, 0, 3, 6, '2025-05-30 11:24:56', '2025-05-30 11:35:03', 'img\\products\\1748625896403-WhatsApp_Image_2025-05-13_at_12.14.28_PM.JPG.jpg', 1, 0, 1),
	(179, '1601748626116146', 'Fibra Blanca abrasiva (Scotch-Brite)', 'Fibra sintética abrasiva para limpieza en general, útil para la eliminación de residuos de cemento o pintura y preparación de superficies. Ideal para detalles de acabado y mantenimiento.', 9, 151, 168, 6, 15.00, 'MXN', 1, '0', 1, 0, 1, 6, '2025-05-30 11:28:36', '2025-05-30 11:34:58', 'img\\products\\1748626116150-WhatsApp_Image_2025-05-13_at_12.14.39_PM.JPG.jpg', 1, 0, 1),
	(180, '1611748626383656', 'Esponja Anatómica de Poliutireno', 'Esponja resistente para limpieza y acabado de superficies en trabajos de colocación de loseta o cemento. Ideal para eliminar residuos de adhesivos o boquillas sin dañar el acabado.', 9, 151, 168, 6, 49.00, 'MXN', 1, '0', 1, 0, 1, 6, '2025-05-30 11:33:03', '2025-05-30 11:34:50', 'img\\products\\1748626383660-WhatsApp_Image_2025-05-13_at_12.14.51_PM.jpg', 1, 0, 1),
	(181, '1621748626695036', 'Llana pulida redonda 10” x 4” (25.4 x 10 cm)', 'Llana pulida con bordes redondeados, ideal para acabados finos en superficies de cemento, yeso o estuco. Ofrece mayor control para evitar marcas en los bordes. Mango ergonómico de madera para mayor comodidad.', 25, 151, 109, 6, 220.00, 'MXN', 1, '0', 1, 0, 1, 6, '2025-05-30 11:38:15', '2025-05-30 11:38:15', 'img\\products\\1748626695041-WhatsApp_Image_2025-05-13_at_12.15.08_PM.JPG.jpg', 1, 0, 1),
	(182, '1631748627731188', 'Mezclador de pintura / yeso manual reutilizable', 'Herramienta manual  y reutilizable para mezclar pintura, yeso u otros materiales líquidos y semisólidos. Ideal para aplicaciones en obra donde se requiera homogeneizar mezclas de forma rápida y eficiente sin necesidad de equipos eléctricos.', 25, 151, 1, 6, 500.00, 'MXN', 1, '0', 1, 0, 1, 6, '2025-05-30 11:55:31', '2025-05-30 11:55:31', 'img\\products\\1748627731193-WhatsApp_Image_2025-05-13_at_12.22.06_PM.JPG.jpg', 1, 0, 1),
	(183, '1641748627925038', 'Llana para esquinas internas', 'Llana manual diseñada para el acabado preciso de esquinas internas en muros. Ideal para aplicar o alisar yeso, mortero o cemento, permitiendo obtener ángulos uniformes y profesionales en paredes.', 25, 151, 171, 6, 129.00, 'MXN', 1, '0', 1, 0, 1, 6, '2025-05-30 11:58:45', '2025-05-30 11:58:45', 'img\\products\\1748627925043-WhatsApp_Image_2025-05-13_at_12.28.51_PM.JPG.jpg', 1, 0, 1),
	(184, '1651748628095584', 'Bomba manual para aceite', 'Bomba extractora de aceite operada manualmente. Ideal para transferir lubricantes desde recipientes grandes a sistemas mecánicos. Reutilizable, durable y de fácil sujeción a contenedores.', 124, 1, 1, 6, 166.00, 'MXN', 1, '0', 1, 0, 1, 6, '2025-05-30 12:01:35', '2025-05-30 12:01:35', 'img\\products\\1748628095588-WhatsApp_Image_2025-05-13_at_12.32.05_PM.JPG.jpg', 1, 0, 1),
	(185, '1661748628229364', 'Mazo de goma con mango de madera', 'Mazo de goma con mango de madera, ideal para trabajos que requieren golpes controlados sin dañar la superficie, como colocación de pisos, cerámica o ajuste de piezas mecánicas.', 25, 109, 154, 6, 169.00, 'MXN', 1, '0', 1, 0, 1, 6, '2025-05-30 12:03:49', '2025-05-30 12:03:49', 'img\\products\\1748628229368-WhatsApp_Image_2025-05-13_at_12.32.40_PM.JPG.jpg', 1, 0, 1),
	(186, '1671748628659522', 'Rodillo Compactador Manual', 'Herramienta pesada con cabezal cilíndrico metálico, utilizada para comprimir y nivelar superficies en trabajos de albañilería y concreto.', 25, 151, 109, 6, 100.00, 'MXN', 1, '0', 1, 0, 1, 6, '2025-05-30 12:10:59', '2025-05-30 12:10:59', 'img\\products\\1748628659526-WhatsApp_Image_2025-05-13_at_12.32.51_PM.JPG.jpg', 1, 0, 1),
	(187, '1681748629027102', 'Ménsula Metálica De 10" X 12"', 'Soporte en forma de “L” para repisas, fabricado en metal, ideal para instalaciones en muros.', 30, 133, 172, 6, 35.00, 'MXN', 6, '10" X 12"', 1, 0, 8, 6, '2025-05-30 12:17:07', '2025-05-30 12:17:07', 'img\\products\\1748629027105-WhatsApp_Image_2025-05-13_at_12.34.38_PM.JPG.jpg', 1, 0, 1),
	(188, '1691748629222167', 'Ménsula Metálica De 6" X 10"', 'Soporte en forma de “L” para repisas, fabricado en metal, ideal para instalaciones en muros.', 30, 133, 172, 6, 33.00, 'MXN', 1, '0', 1, 0, 2, 6, '2025-05-30 12:20:22', '2025-05-30 12:20:22', 'img\\products\\1748629222172-WhatsApp_Image_2025-05-13_at_12.36.24_PM.JPG.jpg', 1, 0, 1),
	(189, '1701748629308832', 'Ménsula Metálica De 7" X 6"', 'Soporte en forma de “L” para repisas, fabricado en metal, ideal para instalaciones en muros.', 30, 133, 172, 6, 35.00, 'MXN', 1, '0', 1, 0, 1, 6, '2025-05-30 12:21:48', '2025-05-30 12:21:48', 'img\\products\\1748629308836-WhatsApp_Image_2025-05-13_at_12.36.24_PM.JPG.jpg', 1, 0, 1),
	(190, '1711748629469046', 'Bota de hule industrial', 'Calzado de seguridad resistente al agua y químicos, con suela antiderrapante y punta reforzada para protección en ambientes laborales adversos.', 95, 1, 1, 7, 227.00, 'MXN', 1, '0', 1, 0, 4, 11, '2025-05-30 12:24:29', '2025-05-30 12:24:29', 'img\\products\\1748629469050-WhatsApp_Image_2025-05-13_at_12.42.38_PM.JPG.jpg', 1, 0, 1),
	(191, '1721748629637678', 'Guante de hule industrial', 'Guante largo resistente a productos químicos, utilizado en labores de limpieza, construcción o mantenimiento industrial para proteger manos y antebrazos.', 95, 1, 1, 7, 120.00, 'MXN', 1, '0', 1, 0, 2, 11, '2025-05-30 12:27:17', '2025-05-30 12:27:17', 'img\\products\\1748629637682-WhatsApp_Image_2025-05-13_at_12.44.31_PM.JPG.jpg', 1, 0, 1),
	(192, '1731748630788843', 'Tornillo / Prensa de banco', 'Herramienta de sujeción fija que permite mantener objetos inmóviles sobre una mesa de trabajo. Ideal para trabajos mecánicos, de carpintería o mantenimiento.', 26, 151, 1, 8, 500.00, 'MXN', 1, '0', 1, 0, 1, 6, '2025-05-30 12:46:28', '2025-05-30 12:46:28', 'img\\products\\1748630788848-WhatsApp_Image_2025-05-13_at_12.45.48_PM.jpg', 1, 0, 1),
	(193, '1741748631498533', 'Impermeabilizante Asfáltico Base Solvente Marca Fester, Modelo Vaportite 550', 'Impermeabilizante asfáltico base solvente, ideal para protección contra la humedad y la corrosión en superficies enterradas o expuestas a cambios drásticos de temperatura.', 19, 173, 1, 7, 300.00, 'MXN', 1, '0', 7, 1, 1, 22, '2025-05-30 12:58:18', '2025-05-30 12:58:18', 'img\\products\\1748631498538-WhatsApp_Image_2025-05-13_at_12.46.12_PM.JPG.jpg', 1, 0, 1),
	(194, '1751748631717048', 'Fester Acriton Resanador', 'Resanador para fisuras y grietas. Se adhiere sobre concreto o mortero, no escurre, ideal para complementar impermeabilizantes acrílicos.', 19, 37, 1, 8, 400.00, 'MXN', 1, '0', 7, 1, 1, 22, '2025-05-30 13:01:57', '2025-05-30 13:01:57', 'img\\products\\1748631717052-WhatsApp_Image_2025-05-13_at_12.46.37_PM.JPG.jpg', 1, 0, 1),
	(195, '1761748631853857', 'Carcasa para Bomba Centrífuga Pons #5', 'Carcasa metálica tipo caracol para bomba centrífuga, compatible con modelos estándar de bombeo de agua.', 124, 1, 1, 8, 2000.00, 'MXN', 1, '0', 1, 0, 1, 6, '2025-05-30 13:04:13', '2025-05-30 13:05:04', 'img\\products\\1748631853861-WhatsApp_Image_2025-05-13_at_12.50.19_PM.JPG.jpg', 42, 0, 1),
	(196, '1771748632212225', 'Destapacaños tipo tambor Surtek 15’ (4.6 m)', 'Herramienta manual para desatascar caños de 1 1/4” a 2” de diámetro, ideal para uso en hogares. Longitud del cable: 15 pies (4.6 m). Mango ergonómico y tambor de plástico resistente.', 9, 1, 1, 7, 296.00, 'MXN', 1, '0', 1, 0, 2, 6, '2025-05-30 13:10:12', '2025-05-30 13:10:12', 'img\\products\\1748632212229-WhatsApp_Image_2025-05-13_at_12.52.53_PM.JPG.jpg', 1, 0, 1),
	(197, '1781748632341947', 'Interruptor de Seguridad Square D L221', 'nterruptor de seguridad con gabinete metálico tipo 1 para interiores, 2 polos, tensión 120/240V~, corriente 30A, frecuencia 60Hz. Ideal para instalaciones eléctricas industriales o residenciales que requieren corte manual seguro de la energía.', 2, 146, 1, 7, 350.00, 'MXN', 1, '0', 1, 0, 1, 6, '2025-05-30 13:12:21', '2025-05-30 13:12:21', 'img\\products\\1748632341952-WhatsApp_Image_2025-05-13_at_12.53.36_PM.JPG.jpg', 1, 0, 1),
	(198, '1791748632585890', 'Guantes Desechables de Polietileno CADE Glove', 'Guantes desechables biodegradables de polietileno, ideales para tareas de limpieza, manipulación de alimentos o uso general. Caja con 1000 piezas, tamaño universal.', 95, 99, 1, 8, 113.00, 'MXN', 1, '0', 1, 0, 1, 19, '2025-05-30 13:16:25', '2025-05-30 13:16:25', 'img\\products\\1748632585894-WhatsApp_Image_2025-05-13_at_12.54.04_PM.JPG.jpg', 1, 0, 1),
	(199, '1801748633254593', 'Lentes de Seguridad Transparente', 'Lente protector de policarbonato con patillas ajustables. Ideal para protección ocular en actividades industriales, de construcción o mantenimiento. Reutilizable y cómodo.', 95, 36, 1, 9, 46.00, 'MXN', 1, '0', 1, 0, 3, 6, '2025-05-30 13:27:34', '2025-05-30 13:27:34', 'img\\products\\1748633254597-WhatsApp_Image_2025-05-13_at_12.54.39_PM.JPG.jpg', 1, 0, 1),
	(200, '1811748633575404', 'Cinta de Seguridad “PRECAUCIÓN”', 'Cinta plástica de señalización con la leyenda “PRECAUCIÓN”. Ideal para delimitar zonas de trabajo, obras, riesgos o áreas restringidas. Alta visibilidad.', 135, 1, 1, 6, 90.00, 'MXN', 1, '0', 1, 0, 4, 23, '2025-05-30 13:32:55', '2025-05-30 13:32:55', 'img\\products\\1748633575409-WhatsApp_Image_2025-05-13_at_12.55.17_PM.JPG.jpg', 1, 0, 1),
	(201, '1821748633862959', 'Guantes de carnaza largos para trabajo rudo', 'Guantes de carnaza con protección larga para antebrazo. Ideales para soldadura, manejo de metales calientes, abrasivos o tareas de construcción. Alta resistencia al calor y desgaste.', 95, 174, 1, 8, 130.00, 'MXN', 1, '0', 1, 0, 1, 11, '2025-05-30 13:37:42', '2025-05-30 13:37:42', 'img\\products\\1748633862963-WhatsApp_Image_2025-05-13_at_12.56.32_PM.JPG.jpg', 1, 0, 1),
	(202, '1831748649342565', 'Capucha de carnaza para soldador', 'Capucha de seguridad fabricada en carnaza, ideal para proteger la cabeza, cuello y parte superior del torso durante trabajos de soldadura. Resistente al calor y a la abrasión.', 95, 1, 1, 7, 223.00, 'MXN', 1, '0', 1, 0, 1, 6, '2025-05-30 17:55:42', '2025-05-30 17:55:42', 'img\\products\\1748649342570-WhatsApp_Image_2025-05-13_at_1.00.45_PM.JPG.jpg', 1, 0, 1),
	(203, '1841748649732031', 'Respirador con filtro / Mascarilla Con Cartucho Negro', 'Respirador de media cara reutilizable con filtro intercambiable, diseñado para proteger contra partículas suspendidas y vapores no tóxicos en ambientes industriales o de construcción.', 95, 176, 1, 7, 101.00, 'MXN', 1, '0', 1, 0, 5, 6, '2025-05-30 18:02:12', '2025-05-30 18:02:12', 'img\\products\\1748649732036-WhatsApp_Image_2025-05-13_at_1.01.46_PM.JPG.jpg', 1, 0, 1),
	(204, '1851748650018262', 'Respirador doble Filtro / Mascarilla 2 Cartuchos Negro', 'Respirador reutilizable con doble filtro lateral, diseñado para proteger las vías respiratorias de gases, vapores y partículas en ambientes industriales o de exposición prolongada.', 95, 176, 1, 7, 189.00, 'MXN', 1, '0', 1, 0, 1, 6, '2025-05-30 18:06:58', '2025-05-30 18:06:58', 'img\\products\\1748650018268-WhatsApp_Image_2025-05-13_at_1.02.11_PM.JPG.jpg', 1, 0, 1),
	(205, '1861748650269357', 'Mascarilla desechable antipolvo / Cubrebocas Desechable tipo N95', 'Cubrebocas desechable de media cara, ideal para protección contra polvo y partículas en ambientes laborales o de construcción. Se ajusta con bandas elásticas para un sellado cómodo y seguro.', 95, 176, 1, 8, 46.00, 'MXN', 1, '0', 1, 0, 7, 6, '2025-05-30 18:11:09', '2025-05-30 18:11:09', 'img\\products\\1748650269361-WhatsApp_Image_2025-05-13_at_1.02.20_PM.JPG.jpg', 1, 0, 1),
	(206, '1871748650958821', 'Control remoto para Mini Split con base Marca YORK', 'Control remoto con pantalla LCD y funciones avanzadas como temporizador, modo sueño, oscilación, turbo y apagado automático. Incluye base para fijar en pared, compatible con sistemas de aire acondicionado YORK.', 178, 179, 177, 6, 199.00, 'MXN', 1, '0', 1, 0, 2, 6, '2025-05-30 18:22:38', '2025-05-30 18:22:38', 'img\\products\\1748650958825-WhatsApp_Image_2025-05-13_at_1.04.19_PM.JPG.jpg', 1, 0, 1),
	(207, '1881748651344059', 'Control remoto para minisplit YKR-P/003E', 'Control remoto universal para aire acondicionado con pantalla LCD y múltiples funciones: modo turbo, iFeel, sleep, timer, antifungus y oscilación automática. Compatible con modelos diversos de minisplits.', 178, 179, 177, 8, 253.00, 'MXN', 1, '0', 1, 0, 1, 6, '2025-05-30 18:29:04', '2025-05-30 18:29:04', 'img\\products\\1748651344063-WhatsApp_Image_2025-05-13_at_1.04.31_PM.JPG.jpg', 1, 0, 1),
	(208, '1891748651776791', 'Portafolletos de plástico transparente', 'Portafolletos vertical sencillo, fabricado en plástico transparente. Ideal para colocar en muros o superficies planas, compatible con folletería tamaño carta. Medidas aproximadas: 11.09 cm x 19.7 cm x 8.3 cm.', 142, 1, 1, 8, 79.00, 'MXN', 1, '0', 1, 0, 3, 6, '2025-05-30 18:36:16', '2025-05-30 18:36:16', 'img\\products\\1748651776795-WhatsApp_Image_2025-05-13_at_1.04.40_PM.JPG.jpg', 1, 0, 1),
	(209, '1901748652079720', 'Lámpara de cabeza con cinta elástica', 'Linterna frontal LED con ajuste elástico para la cabeza, encendido frontal por botón, diseñada para trabajos nocturnos, espacios reducidos o uso industrial. Operación manos libres.', 180, 1, 1, 8, 418.00, 'MXN', 1, '0', 1, 0, 1, 6, '2025-05-30 18:41:19', '2025-05-30 18:41:19', 'img\\products\\1748652079725-WhatsApp_Image_2025-05-13_at_1.06.32_PM.JPG.jpg', 1, 0, 1),
	(210, '1911748653278147', 'Mascarilla de doble filtro Truper', 'Mascarilla reutilizable con doble cartucho filtrante, ideal para trabajos con exposición a partículas, vapores orgánicos o químicos. Asegura un sello hermético y comodidad prolongada.', 95, 176, 1, 8, 175.00, 'MXN', 1, '0', 1, 0, 2, 6, '2025-05-30 19:01:18', '2025-05-30 19:01:18', 'img\\products\\1748653278151-WhatsApp_Image_2025-05-13_at_1.06.05_PM.JPG.jpg', 1, 0, 1),
	(211, '1921748739083991', 'Arnés de cuerpo completo Truper ARN-5435', 'Arnés de seguridad para trabajo en alturas con 1 anillo en D de acero forjado. Soporta hasta 2,268 kg (5,000 lb). Cumple con normas ANSI/ASSE Z359.11-2014.', 95, 181, 1, 9, 685.00, 'MXN', 1, '0', 1, 0, 1, 6, '2025-05-31 18:51:24', '2025-05-31 18:51:24', 'img\\products\\1748739084003-5133256.JPG.jpg', 1, 0, 1),
	(212, '1931748739290029', 'Cinta de aislamiento térmico de hule espuma', 'Rollo de cinta flexible de hule espuma para aislamiento térmico de tuberías, ideal para sistemas de aire acondicionado y refrigeración.', 30, 182, 1, 9, 100.00, 'MXN', 1, '0', 1, 0, 1, 23, '2025-05-31 18:54:50', '2025-05-31 18:54:50', 'img\\products\\1748739290034-WhatsApp_Image_2025-05-13_at_1.07.56_PM.JPG.jpg', 1, 0, 1),
	(213, '1941748739439451', 'Careta de protección facial CABEL', 'Careta industrial con visor transparente de policarbonato y soporte ajustable, ideal para proteger el rostro contra partículas, chispas y salpicaduras.', 95, 1, 176, 8, 249.00, 'MXN', 1, '0', 1, 0, 1, 6, '2025-05-31 18:57:19', '2025-05-31 18:57:19', 'img\\products\\1748739439456-WhatsApp_Image_2025-05-13_at_1.08.10_PM.JPG.jpg', 1, 0, 1),
	(214, '1951748739651710', 'Máscara facial completa con cartucho', 'Máscara de protección facial completa con visor amplio y cartucho de filtro reemplazable. Protege ojos, nariz y boca de gases, vapores y partículas. Ideal para ambientes industriales o con riesgo químico.', 95, 176, 1, 7, 268.00, 'MXN', 1, '0', 1, 0, 1, 6, '2025-05-31 19:00:51', '2025-05-31 19:00:51', 'img\\products\\1748739651714-WhatsApp_Image_2025-05-13_at_1.09.11_PM.JPG.jpg', 1, 0, 1),
	(215, '1961748743881863', 'Kit De Brocas Y Cinceles Dewalt Sds-plus 15 Piezas', 'Kit de 15 piezas que incluye brocas y cinceles SDS Plus para taladro percutor. Ideal para perforación y demolición ligera en concreto, ladrillo y otros materiales de construcción.', 53, 166, 183, 9, 936.00, 'MXN', 1, '0', 1, 0, 1, 20, '2025-05-31 20:12:59', '2025-05-31 20:12:59', 'img\\products\\1748743979676-WhatsApp_Image_2025-05-13_at_1.11.34_PM.JPG.jpg', 1, 0, 1),
	(216, '1971748745481515', 'Broca SDS Plus para Concreto 5/8"', 'Broca de carburo con diseño helicoidal de 5/8", ideal para perforar concreto, ladrillo y materiales duros. Compatible con taladros de sistema SDS Plus.', 161, 183, 1, 10, 129.00, 'MXN', 6, '5/8"', 1, 0, 1, 6, '2025-05-31 20:38:01', '2025-05-31 20:38:01', 'img\\products\\1748745481522-WhatsApp_Image_2025-05-13_at_1.51.33_PM_(2).JPG.jpg', 1, 0, 1),
	(217, '1981748746646071', 'Cincel Puntiagudo SDS Plus para Rotomartillo', 'Cincel de acero endurecido con punta afilada. Ideal para demolición localizada, apertura de canaletas o remover materiales duros. Compatible con taladros SDS Plus.', 161, 183, 1, 10, 139.00, 'MXN', 1, '0', 1, 0, 1, 6, '2025-05-31 20:57:26', '2025-05-31 20:57:26', 'img\\products\\1748746646075-WhatsApp_Image_2025-05-13_at_1.51.39_PM_(1).JPG.jpg', 1, 0, 1),
	(218, '1991748748954949', 'Cincel Puntiagudo SDS Plus', 'Cincel de acero endurecido con punta afilada, diseñado para trabajos de demolición localizada como apertura de canaletas o remoción de concreto, piedra o ladrillo.\r\nCompatible con Taladro Rotomartillo con sistema SDS Plus.', 161, 183, 1, 9, 139.00, 'MXN', 1, '0', 1, 0, 1, 6, '2025-05-31 21:35:54', '2025-05-31 21:35:54', 'img\\products\\1748748954960-WhatsApp_Image_2025-05-13_at_1.51.39_PM_(1).JPG.jpg', 1, 0, 1),
	(219, '2001748749313935', 'Broca SDS Plus de 5/8" x 10" para Taladro Rotomartillo', 'Broca SDS Plus de 5/8 pulgadas de diámetro y 8 pulgadas de largo total. Fabricada con acero de alta resistencia y diseñada para ofrecer una perforación precisa y eficiente en materiales como concreto, ladrillo y mampostería. Su diseño en espiral facilita la extracción de polvo, mejorando el rendimiento y reduciendo el desgaste del taladro.', 161, 183, 1, 9, 139.00, 'MXN', 1, '5/8 X 10"', 1, 0, 2, 6, '2025-05-31 21:41:53', '2025-06-01 14:33:13', 'img\\products\\1748749313941-WhatsApp_Image_2025-05-13_at_1.52.02_PM_(1).JPG.jpg', 1, 0, 1),
	(220, '2011748751189161', 'Broca SDS Plus de 9/16" x 4" para Taladro Rotomartillo', 'Broca SDS Plus de 9/16 pulgadas de diámetro y 4 pulgadas de largo total. Está diseñada para ofrecer alto rendimiento en perforaciones de concreto, mampostería, piedra y ladrillo. Cuenta con un diseño espiralado que facilita la expulsión de polvo, prolonga la vida útil del taladro y mejora la eficiencia del trabajo.', 166, 183, 1, 9, 89.00, 'MXN', 1, '0', 1, 0, 1, 6, '2025-05-31 22:13:09', '2025-05-31 22:13:09', 'img\\products\\1748751189166-WhatsApp_Image_2025-05-13_at_1.53.25_PM_(1).JPG.jpg', 1, 0, 1),
	(221, '2021748751361148', 'Broca SDS Plus de 1/2" x 6-1/4" para Taladro Rotomartillo', 'Broca SDS Plus de 1/2 pulgada de diámetro y 6-1/4 pulgadas de largo total. Ideal para perforaciones eficientes en concreto, piedra, ladrillo y mampostería. Cuenta con un diseño espiral optimizado para la rápida expulsión del polvo, minimizando la fricción y mejorando la precisión de perforado.\r\nCompatible con taladros rotomartillo SDS Plus.', 161, 183, 1, 9, 86.00, 'MXN', 1, '0', 1, 0, 2, 6, '2025-05-31 22:16:01', '2025-06-01 14:33:06', 'img\\products\\1748751361153-WhatsApp_Image_2025-05-13_at_1.53.53_PM_(1).JPG.jpg', 1, 0, 1),
	(222, '2031748751644888', 'Broca SDS Plus de 3/8" x 6-1/4" para Taladro Rotomartillo', 'Broca SDS Plus de 3/8 de pulgada de diámetro y 6-1/4 pulgadas de largo total. Diseñada para perforar concreto, piedra, tabique y otros materiales de construcción con alta eficiencia.\r\nSu punta de carburo endurecido y su espiral en doble canal ayudan a una perforación rápida y estable, reduciendo el sobrecalentamiento y la acumulación de polvo.\r\nCompatible con taladros rotomartillo SDS Plus.', 161, 183, 1, 9, 89.00, 'MXN', 6, '3/8" x 6-1/4"', 1, 0, 1, 6, '2025-05-31 22:20:44', '2025-05-31 22:20:44', 'img\\products\\1748751644893-WhatsApp_Image_2025-05-13_at_1.54.27_PM_(1).JPG.jpg', 1, 0, 1),
	(223, '2041748751901191', 'Broca SDS Plus de 7/32" x 6-1/4" para Taladro Rotomartillo', 'Broca SDS Plus de 7/32 de pulgada de diámetro y 6-1/4 pulgadas de longitud total. Ideal para perforar concreto, ladrillo y piedra con precisión y rapidez.\r\nSu diseño en espiral facilita la expulsión del polvo y mejora el desempeño durante el trabajo continuo.\r\nCompatible con taladros rotomartillo SDS Plus.', 166, 183, 1, 9, 89.00, 'MXN', 6, '7/32" x 6-1/4"', 1, 0, 2, 6, '2025-05-31 22:25:01', '2025-06-02 09:36:50', 'img\\products\\1748751901196-WhatsApp_Image_2025-05-13_at_1.55.08_PM_(1).JPG.jpg', 1, 0, 1),
	(224, '2051748752253934', 'Broca SDS Plus de 5/16" x 6-1/4" para Taladro Rotomartillo', 'Broca SDS Plus de 5/16 de pulgada de diámetro y 6-1/4 pulgadas de largo total. Diseñada para perforación eficiente en concreto, mampostería y piedra.\r\nSu espiral agresiva permite una remoción de residuos más rápida y mayor precisión en cada perforación.\r\nCompatible con taladros rotomartillo SDS Plus.', 161, 183, 1, 9, 72.00, 'MXN', 6, '5/16" x 6-1/4"', 1, 0, 1, 6, '2025-05-31 22:30:53', '2025-05-31 22:30:53', 'img\\products\\1748752253939-WhatsApp_Image_2025-05-13_at_1.55.22_PM.JPG.jpg', 1, 0, 1),
	(225, '2061748752442470', 'Broca SDS Plus de 1/4" x 6-1/4" para Taladro Rotomartillo', 'Broca SDS Plus de 1/4 de pulgada de diámetro y 6-1/4 pulgadas de largo total. Diseñada para perforaciones precisas y rápidas en concreto, ladrillo y otros materiales de construcción.\r\nCuenta con una espiral optimizada para una expulsión eficaz del polvo y una perforación sin esfuerzo.\r\nTotalmente compatible con taladros rotomartillo SDS Plus.', 161, 183, 1, 9, 79.00, 'MXN', 6, '1/4" x 6-1/4"', 1, 0, 1, 6, '2025-05-31 22:34:02', '2025-05-31 22:34:02', 'img\\products\\1748752442474-WhatsApp_Image_2025-05-13_at_1.55.38_PM.JPG.jpg', 1, 0, 1),
	(226, '2071748752551631', 'Broca SDS Plus de 3/16" x 6-1/4" para Taladro Rotomartillo', 'Broca SDS Plus de 3/16 de pulgada de diámetro y 6-1/4 pulgadas de largo. Fabricada para perforación en concreto, ladrillo y materiales similares.\r\nSu diseño de espiral helicoidal mejora la eficiencia en la evacuación del polvo, brindando un trabajo más limpio y rápido.\r\nCompatible con taladros rotomartillo SDS Plus.', 161, 183, 1, 9, 90.00, 'MXN', 6, '3/16" x 6-1/4"', 1, 0, 1, 6, '2025-05-31 22:35:51', '2025-05-31 22:35:51', 'img\\products\\1748752551637-WhatsApp_Image_2025-05-13_at_1.56.18_PM.JPG.jpg', 1, 0, 1),
	(227, '2081748752668291', 'Broca SDS Plus de 5/32" x 4-1/2" para Taladro Rotomartillo', 'Broca SDS Plus con diámetro de 5/32 de pulgada y longitud de 4-1/2 pulgadas. Ideal para perforaciones finas y precisas en concreto, ladrillo o mampostería.\r\nDiseñada con espiral para expulsión eficiente del polvo y mayor durabilidad.\r\nCompatible con taladros rotomartillo SDS Plus.', 161, 183, 1, 9, 72.00, 'MXN', 6, '5/32" x 4-1/2"', 1, 0, 1, 6, '2025-05-31 22:37:48', '2025-05-31 22:37:48', 'img\\products\\1748752668296-WhatsApp_Image_2025-05-13_at_1.56.32_PM.JPG.jpg', 1, 0, 1),
	(228, '2091748752799489', 'Broca SDS Plus de 1/4" x 4-1/2" para Taladro Rotomartillo', 'Broca con vástago SDS Plus de 1/4 de pulgada de diámetro y longitud de 4-1/2 pulgadas. Ideal para perforaciones pequeñas en concreto, ladrillo y materiales de construcción.\r\nDiseñada con hélice para una rápida evacuación del polvo, lo que facilita un taladrado más eficiente y limpio.\r\nCompatible con taladros rotomartillo SDS Plus.', 161, 183, 1, 9, 90.00, 'MXN', 6, '1/4" x 4-1/2"', 1, 0, 1, 6, '2025-05-31 22:40:17', '2025-06-01 14:27:03', 'img\\products\\1748752816986-WhatsApp_Image_2025-05-13_at_1.56.50_PM.JPG.jpg', 1, 0, 1),
	(229, '2101748754496753', 'Broca SDS Plus de 3/8" x 6" para Taladro Rotomartillo', 'Broca SDS Plus de 3/8 pulgada de diámetro y 6-1/4 pulgadas de largo total. Ideal para perforaciones eficientes en concreto, piedra, ladrillo y mampostería. Cuenta con un diseño espiral optimizado para la rápida expulsión del polvo, minimizando la fricción y mejorando la precisión de perforado.\r\nCompatible con taladros rotomartillo SDS Plus.', 161, 183, 1, 9, 139.00, 'MXN', 6, '3/8" x 6"', 1, 0, 2, 6, '2025-05-31 23:08:16', '2025-06-02 09:37:07', 'img\\products\\1748754496758-WhatsApp_Image_2025-05-13_at_1.59.00_PM.JPG.jpg', 1, 0, 1),
	(230, '2111748755079111', 'Broca cilíndrica de 1/4" para metal', 'Broca cilíndrica de 1/4" ideal para perforación en metal. Su diseño recto es compatible con taladros de mandril estándar. Broca alta velocidad', 161, 184, 1, 9, 39.00, 'MXN', 6, '1/4\'\'', 1, 0, 4, 6, '2025-05-31 23:17:59', '2025-06-01 16:40:12', 'img\\products\\1748755079115-WhatsApp_Image_2025-05-13_at_1.59.27_PM_(1).JPG.jpg', 1, 0, 1),
	(231, '2121748755293358', 'Broca cilíndrica de 3/8" X 6" para concreto', 'Broca cilíndrica de 3/8" diseñada para perforación en concreto. Cuenta con punta de carburo y cuerpo recto compatible con taladros de mandril convencional.', 161, 162, 1, 9, 64.00, 'MXN', 6, '3/8" X 6"', 1, 0, 2, 6, '2025-05-31 23:21:33', '2025-06-01 14:26:26', 'img\\products\\1748755293362-WhatsApp_Image_2025-05-13_at_2.00.05_PM.JPG.jpg', 1, 0, 1),
	(232, '2131748756757764', 'Broca cilíndrica de 3/8" X 10" para concreto', 'Broca de 3/8" x 10" de alta velocidad (HSS), ideal para perforación en metal. Su diseño largo permite mayor alcance en aplicaciones profundas. Fabricada en acero con acabado de óxido negro, que proporciona resistencia a la corrosión y mayor durabilidad. Recomendada para taladros eléctricos de mandril convencional.', 161, 184, 1, 9, 119.00, 'MXN', 6, '3/8" X 10"', 1, 0, 2, 6, '2025-05-31 23:45:57', '2025-06-01 16:40:38', 'img\\products\\1748756757768-WhatsApp_Image_2025-05-13_at_2.00.55_PM.JPG.jpg', 1, 0, 1),
	(233, '2141748809532497', 'Broca tipo pala oxidada de 32 mm (1-1/4")', 'Broca plana de 32 mm para madera, ideal para perforaciones de gran diámetro en madera suave o dura. Su punta guía permite mayor precisión. Presenta oxidación superficial por almacenamiento.', 161, 186, 185, 9, 209.00, 'MXN', 1, '0', 1, 0, 1, 6, '2025-06-01 14:25:32', '2025-06-01 14:25:32', 'img\\products\\1748809532509-WhatsApp_Image_2025-05-13_at_2.01.46_PM.JPG.jpg', 1, 0, 1),
	(234, '2151748809950858', 'Broca de 3/8" para metal', 'Broca de 3/8" para metal, fabricada en acero de alta velocidad (HSS), ideal para perforaciones precisas en acero, aluminio u otros metales. Presenta desgaste y oxidación superficial.', 161, 184, 1, 9, 89.00, 'MXN', 6, '3/8\'\'', 1, 0, 1, 6, '2025-06-01 14:32:30', '2025-06-01 14:32:30', 'img\\products\\1748809950863-WhatsApp_Image_2025-05-13_at_2.02.01_PM.JPG.jpg', 1, 0, 1),
	(235, '2161748810306968', 'Broca de 5/16" x 4" para metal', 'Broca de 5/16" x 4" para metal, fabricada en acero de alta velocidad (HSS), ideal para perforar materiales metálicos con precisión. Revestimiento resistente al desgaste y la fricción.', 161, 184, 1, 9, 83.00, 'MXN', 6, '5/16" x 4"', 1, 0, 1, 6, '2025-06-01 14:38:26', '2025-06-01 14:38:26', 'img\\products\\1748810306973-WhatsApp_Image_2025-05-13_at_2.05.00_PM.JPG.jpg', 1, 0, 1),
	(236, '2171748810712555', 'Broca de 1/2" x 5" para metal', 'Broca de 1/2" x 5" fabricada en acero de alta velocidad con cobalto (HSS-Co), ideal para perforar acero inoxidable, hierro fundido y otros metales duros. Gran resistencia al calor y desgaste.', 161, 184, 1, 9, 115.00, 'MXN', 6, '1/2" x 5"', 1, 0, 1, 6, '2025-06-01 14:45:12', '2025-06-01 14:45:12', 'img\\products\\1748810712561-WhatsApp_Image_2025-05-13_at_2.05.28_PM.JPG.jpg', 1, 0, 1),
	(237, '2181748811008766', 'Broca larga de 3/8" x 12" para concreto', 'Broca de 3/8" x 12" para perforación profunda en concreto. Ideal para trabajos de instalación, anclajes y perforaciones de alta demanda. Diseño de espiral largo que facilita la extracción del polvo.', 161, 162, 1, 9, 450.00, 'MXN', 6, '3/8" x 12"', 1, 0, 1, 6, '2025-06-01 14:50:08', '2025-06-01 14:50:08', 'img\\products\\1748811008771-WhatsApp_Image_2025-05-13_at_2.06.47_PM_(1).JPG.jpg', 1, 0, 1),
	(238, '2191748816743409', 'Broca Pala Truper para madera 1"', 'Broca tipo pala marca Truper para perforaciones rápidas y limpias en madera. Ideal para carpintería y trabajos de instalación. Diseño con punta centradora para mayor precisión.', 161, 186, 185, 9, 49.00, 'MXN', 6, '1"', 1, 0, 1, 6, '2025-06-01 16:25:43', '2025-06-01 16:48:45', 'img\\products\\1748816743413-WhatsApp_Image_2025-05-13_at_2.07.47_PM.JPG.jpg', 1, 0, 1),
	(239, '2201748816889757', 'Broca para Concreto de 1/4" x 4"', 'Broca para concreto de 1/4" x 4" diseñada para perforaciones precisas en muros, ladrillo y materiales de mampostería. Fabricada en acero con punta de carburo de tungsteno para mayor durabilidad.', 161, 162, 1, 9, 40.00, 'MXN', 6, '1/4" x 4"', 1, 0, 1, 6, '2025-06-01 16:28:09', '2025-06-01 16:28:09', 'img\\products\\1748816889762-WhatsApp_Image_2025-05-13_at_2.08.27_PM.JPG.jpg', 1, 0, 1),
	(240, '2211748817035206', 'Broca Pala para Madera de 7/8"', 'Broca tipo pala de 7/8" ideal para perforaciones rápidas en madera. Su punta guía permite una entrada precisa, mientras que su cuerpo plano facilita la extracción de material. Compatible con taladros eléctricos de mandril estándar.', 161, 186, 185, 9, 69.00, 'MXN', 6, '7/8"', 1, 0, 1, 6, '2025-06-01 16:30:35', '2025-06-01 16:48:42', 'img\\products\\1748817035213-WhatsApp_Image_2025-05-13_at_2.09.31_PM.JPG.jpg', 1, 0, 1),
	(241, '2221748817419598', 'Broca Pala para Madera de 22mm', 'Broca tipo pala de 22mm ideal para perforaciones rápidas en madera. Su punta guía permite una entrada precisa, mientras que su cuerpo plano facilita la extracción de material. Compatible con taladros eléctricos de mandril estándar.', 161, 186, 185, 9, 49.00, 'MXN', 2, '22mm', 1, 0, 1, 6, '2025-06-01 16:36:59', '2025-06-01 16:48:32', 'img\\products\\1748817419604-WhatsApp_Image_2025-05-13_at_2.09.46_PM.JPG.jpg', 1, 0, 1),
	(242, '2231748817853436', 'Broca para concreto de 3/8" x 3"', 'Broca para concreto de 3/8" x 3". Ideal para perforaciones en superficies de mampostería, concreto o ladrillo. Cuerpo robusto con espiral eficiente para extracción de polvo.', 161, 162, 1, 9, 49.00, 'MXN', 6, '3/8" x 3"', 1, 0, 1, 6, '2025-06-01 16:44:13', '2025-06-01 16:44:13', 'img\\products\\1748817853440-WhatsApp_Image_2025-05-13_at_2.15.49_PM.JPG.jpg', 1, 0, 1),
	(243, '2241748818066806', 'Broca pala Truper para madera 15mm', 'Broca tipo pala  de 15mm marca Truper para perforaciones rápidas y limpias en madera. Ideal para carpintería y trabajos de instalación. Diseño con punta centradora para mayor precisión. 15mm', 161, 186, 185, 9, 39.00, 'MXN', 2, '15mm', 1, 0, 1, 6, '2025-06-01 16:47:46', '2025-06-01 16:47:46', 'img\\products\\1748818066810-WhatsApp_Image_2025-05-13_at_2.16.09_PM.JPG.jpg', 1, 0, 1),
	(244, '2251748818331126', 'Llave para mandril de taladro', 'Llave metálica tipo T para ajustar o liberar brocas en mandriles de taladro. Ideal para uso en talleres y obras.', 53, 1, 1, 9, 55.00, 'MXN', 1, '0', 1, 0, 5, 6, '2025-06-01 16:52:11', '2025-06-01 16:52:11', 'img\\products\\1748818331130-WhatsApp_Image_2025-05-13_at_2.16.35_PM.JPG.jpg', 1, 0, 1),
	(245, '2261748819061661', 'Broca de 5/8" (15.88 mm) con zanco de 1/2" Blue Force BF02358', 'Broca HSS para metal de 5/8" con zanco reducido de 1/2", ideal para perforaciones en materiales metálicos con mayor estabilidad.', 161, 1, 1, 9, 288.00, 'MXN', 6, '5/8" X 1/2"', 1, 0, 1, 6, '2025-06-01 17:04:21', '2025-06-01 17:05:11', 'img\\products\\1748819061665-WhatsApp_Image_2025-05-13_at_2.17.08_PM.JPG.jpg', 48, 0, 1),
	(246, '2271748820727679', 'Nivel de línea para cuerda', 'Nivel plástico para cuerda, ideal para colgar, alinear o nivelar superficies con precisión en trabajos de albañilería o instalación.', 151, 187, 1, 9, 60.00, 'MXN', 1, '0', 1, 0, 2, 6, '2025-06-01 17:32:07', '2025-06-01 17:32:07', 'img\\products\\1748820727684-WhatsApp_Image_2025-05-13_at_2.17.29_PM.JPG.jpg', 1, 0, 1),
	(247, '2281748821481791', 'Broca para Vidrio y Cerámica de 1/4" Truper', 'Broca tipo pala de 1/4" ideal para perforaciones rápidas en madera. Su punta guía permite una entrada precisa, mientras que su cuerpo plano facilita la extracción de material. Compatible con taladros eléctricos de mandril estándar.', 161, 186, 185, 9, 70.00, 'MXN', 1, '0', 1, 0, 1, 6, '2025-06-01 17:44:41', '2025-06-01 17:44:41', 'img\\products\\1748821481796-WhatsApp_Image_2025-05-13_at_2.17.42_PM.JPG.jpg', 1, 0, 1),
	(248, '2291748822121207', 'Llave de Pin Doble para Tuerca de Retención', 'Llave de acero con dos pines fijos, diseñada para ajustar o aflojar tuercas de retención en esmeriles, pulidoras u otras herramientas rotativas. Ideal para mantenimiento de herramientas eléctricas.', 53, 1, 1, 9, 60.00, 'MXN', 1, '0', 1, 0, 1, 6, '2025-06-01 17:55:21', '2025-06-01 17:55:21', 'img\\products\\1748822121212-WhatsApp_Image_2025-05-13_at_2.17.52_PM.JPG.jpg', 1, 0, 1),
	(249, '2301748823742938', 'Martillo Perforador Bosch GBH 2-24D 820 W', 'Rotomartillo eléctrico Bosch de 820 W con sistema SDS Plus, ideal para perforaciones en concreto, madera y metal. Herramienta profesional con funciones de taladro, martillo y cincelado ligero.', 120, 189, 1, 9, 5000.00, 'MXN', 1, '0', 1, 0, 1, 6, '2025-06-01 18:22:22', '2025-06-01 18:22:22', 'img\\products\\1748823742943-WhatsApp_Image_2025-05-13_at_2.19.29_PM.JPG.jpg', 1, 0, 1),
	(250, '2311748823921905', 'Portabrocas con Adaptador SDS Plus', 'Adaptador portabrocas con sistema SDS Plus compatible con taladros rotomartillo. Permite utilizar brocas cilíndricas en herramientas SDS para trabajos en madera, metal o plástico.', 53, 1, 1, 9, 300.00, 'MXN', 1, '0', 1, 0, 1, 6, '2025-06-01 18:25:21', '2025-06-01 18:25:21', 'img\\products\\1748823921909-WhatsApp_Image_2025-05-13_at_2.20.02_PM.JPG.jpg', 1, 0, 1),
	(251, '2321748878329885', 'Broca 3/8" x 5" para Metal', 'Broca helicoidal de 3/8 pulgadas de diámetro y 5 pulgadas de largo, diseñada para perforación en metales. Fabricada con acero de alta resistencia para cortes precisos y durabilidad. Ideal para uso industrial y profesional.', 161, 184, 1, 9, 81.00, 'MXN', 6, '3/8" x 5"', 1, 0, 1, 6, '2025-06-02 09:32:09', '2025-06-02 09:32:09', 'img\\products\\1748878329897-WhatsApp_Image_2025-05-13_at_3.43.32_PM.JPG.jpg', 1, 0, 1),
	(252, '2331748878450328', 'Broca 5/16"x 4" para Metal', 'Broca helicoidal de 5/16 pulgadas de diámetro y 4 pulgadas de largo, diseñada para perforación en metales. Fabricada con acero de alta resistencia para cortes precisos y durabilidad. Ideal para uso industrial y profesional.', 161, 184, 1, 9, 61.00, 'MXN', 1, '0', 1, 0, 69, 6, '2025-06-02 09:34:10', '2025-06-02 09:34:10', 'img\\products\\1748878450333-WhatsApp_Image_2025-05-13_at_3.45.20_PM.JPG.jpg', 1, 0, 1),
	(253, '2341748878590261', 'Broca 3/8" x 4" para Metal', 'Broca helicoidal de 3/8 pulgadas de diámetro y 4 pulgadas de largo, diseñada para perforación en metales. Fabricada con acero de alta resistencia para cortes precisos y durabilidad. Ideal para uso industrial y profesional.', 161, 184, 1, 9, 85.00, 'MXN', 6, '3/8" x 4"', 1, 0, 1, 6, '2025-06-02 09:36:30', '2025-06-02 09:36:30', 'img\\products\\1748878590266-WhatsApp_Image_2025-05-13_at_3.46.37_PM.JPG.jpg', 1, 0, 1),
	(254, '2351748879166184', 'Cincel SDS Plus de 11" en Forma de U para Taladro Rotomartillo', 'Cincel SDS Plus de 11 pulgadas en forma de U para taladro rotomartillo, diseñado para remover materiales adheridos como azulejo o concreto. Ideal para tareas de demolición y mantenimiento.', 161, 183, 153, 9, 139.00, 'MXN', 1, '0', 1, 0, 1, 6, '2025-06-02 09:46:06', '2025-06-02 09:46:06', 'img\\products\\1748879166190-WhatsApp_Image_2025-05-13_at_3.48.05_PM.JPG.jpg', 1, 0, 1),
	(255, '2361748879486295', 'Cincel SDS Plus de 11" en Forma de U para Taladro Rotomartillo', 'Cincel SDS Plus de 11 pulgadas en forma de U para taladro rotomartillo, diseñado para remover materiales adheridos como azulejo o concreto. Ideal para tareas de demolición y mantenimiento.', 161, 183, 153, 9, 148.00, 'MXN', 1, '0', 1, 0, 1, 6, '2025-06-02 09:51:26', '2025-06-02 09:51:26', 'img\\products\\1748879486300-WhatsApp_Image_2025-05-13_at_3.48.36_PM.JPG.jpg', 1, 0, 1),
	(256, '2371748879615277', 'Cincel SDS Plus de 3/4" x 10" Pala Angosta para Taladro Rotomartillo', 'Cincel SDS Plus de 3/4 pulgadas de ancho y 10 pulgadas de largo, tipo pala angosta, ideal para trabajos de precisión en remoción de materiales, ranurado o demolición ligera con taladro rotomartillo. Construcción resistente para uso profesional.', 161, 183, 153, 9, 176.00, 'MXN', 1, '0', 1, 0, 1, 6, '2025-06-02 09:53:35', '2025-06-02 09:53:35', 'img\\products\\1748879615281-WhatsApp_Image_2025-05-13_at_3.48.48_PM.JPG.jpg', 1, 0, 1),
	(257, '2381748880097602', 'Protector para Mantenimiento de Minisplit (Avaly)', 'Protector impermeable marca Avaly para mantenimiento y limpieza de unidades minisplit. Compatible con equipos de 70–100 cm y 100–130 cm. Facilita la recolección de agua durante la limpieza, evitando salpicaduras y suciedad.', 179, 177, 190, 9, 1000.00, 'MXN', 1, '0', 1, 0, 1, 6, '2025-06-02 10:01:37', '2025-06-02 10:01:37', 'img\\products\\1748880097606-WhatsApp_Image_2025-05-13_at_3.52.16_PM.JPG.jpg', 1, 0, 1),
	(258, '2391748880388547', 'Multímetro Digital MUT-105 (Truper)', 'Multímetro digital profesional Truper modelo MUT-105, ideal para mantenimiento automotriz. Permite medir voltaje, corriente, resistencia y otras variables eléctricas. Incluye accesorios y cuenta con garantía de 1 año.', 74, 193, 192, 9, 445.00, 'MXN', 1, '0', 1, 0, 1, 6, '2025-06-02 10:06:28', '2025-06-02 10:21:15', 'img\\products\\1748880388553-WhatsApp_Image_2025-05-13_at_3.53.23_PM.JPG.jpg', 1, 0, 1),
	(259, '2401748881443146', 'Termómetro Láser Infrarrojo Portátil', 'Termómetro láser portátil de lectura infrarroja para medición de temperatura sin contacto. Ideal para mantenimiento automotriz, eléctrico e industrial. Proporciona lecturas rápidas y precisas de superficies calientes o de difícil acceso.', 109, 193, 194, 9, 600.00, 'MXN', 1, '0', 1, 0, 1, 6, '2025-06-02 10:24:03', '2025-06-02 10:24:03', 'img\\products\\1748881443151-WhatsApp_Image_2025-05-13_at_3.56.45_PM.JPG.jpg', 1, 0, 1),
	(260, '2411748882139218', 'Cutter Retráctil de Plástico con Navaja Segmentada', 'Cutter retráctil con cuerpo de plástico y navaja segmentada reemplazable. Ideal para cortes precisos en cartón, plástico o materiales ligeros. Uso común en trabajos de oficina, almacén o mantenimiento general.', 142, 126, 195, 9, 50.00, 'MXN', 1, '0', 1, 0, 2, 6, '2025-06-02 10:35:39', '2025-06-02 10:35:39', 'img\\products\\1748882139222-WhatsApp_Image_2025-05-13_at_3.57.32_PM.JPG.jpg', 1, 0, 1),
	(261, '2421748883274932', 'Juego de Desarmadores de Precisión 6 Piezas (3 Phillips, 3 Planas)', 'Juego de 6 desarmadores de precisión con puntas forjadas en acero al alto carbono. Incluye 3 desarmadores tipo Phillips y 3 planos, ideales para trabajos delicados en electrónica, relojería o mantenimiento fino.', 109, 196, 197, 9, 90.00, 'MXN', 1, '0', 1, 0, 1, 6, '2025-06-02 10:54:34', '2025-06-02 10:54:34', 'img\\products\\1748883274937-WhatsApp_Image_2025-05-13_at_3.58.10_PM.JPG.jpg', 1, 0, 1),
	(262, '2431748883621755', 'Juego de Desarmadores de Precisión 6 Piezas (Truper)', 'Juego de 6 desarmadores de precisión marca Truper con mangos ergonómicos y punta de acero. Ideal para trabajos delicados en electrónica, relojería y mantenimiento fino. Incluye desarmadores tipo plano y Phillips en estuche organizador.', 109, 196, 197, 9, 80.00, 'MXN', 1, '0', 1, 0, 1, 6, '2025-06-02 11:00:21', '2025-06-02 11:00:21', 'img\\products\\1748883621759-WhatsApp_Image_2025-05-13_at_3.58.27_PM.JPG.jpg', 1, 0, 1),
	(263, '2441748884096401', 'Multímetro de Gancho / Pinza Amperimétrica Digital CL220 (Klein Tools)', 'Pinza amperimétrica digital modelo CL220 de la marca Klein Tools. Ideal para medir corriente, voltaje y resistencia sin contacto directo, en sistemas eléctricos y automotrices. Incluye cables de prueba. Diseñada para uso profesional y técnico.', 74, 193, 192, 9, 855.00, 'MXN', 1, '0', 1, 0, 1, 6, '2025-06-02 11:08:16', '2025-06-02 11:08:16', 'img\\products\\1748884096406-WhatsApp_Image_2025-05-13_at_3.59.03_PM.JPG.jpg', 1, 0, 1),
	(264, '2451748884473846', 'Multímetro Digital de Gancho MULO5 (Surtek)', 'Multímetro digital de gancho marca Surtek modelo MULO5. Permite medir hasta 600 V CA, con selección de rango manual, función HOLD, prueba de continuidad con sonido y medición de resistencia desde 2k ohms. Ideal para trabajos eléctricos automotrices y generales.', 74, 193, 192, 9, 642.00, 'MXN', 1, '0', 1, 0, 1, 6, '2025-06-02 11:14:33', '2025-06-02 11:14:33', 'img\\products\\1748884473850-WhatsApp_Image_2025-05-13_at_3.59.57_PM.JPG.jpg', 1, 0, 1),
	(265, '2461748884616010', 'Sistema de Control Universal para Aire Acondicionado TJCNMI10A2 (Coldtek)', 'Sistema de control universal Coldtek modelo TJCNMI10A2 con controles de pared para aire acondicionado. Opera en 110–240V AC, incluye tarjeta electrónica, control remoto, display LED y funciones de ventilación, calefacción y reinicio automático. Ideal para reemplazo o modernización de equipos.', 179, 177, 1, 9, 1000.00, 'MXN', 1, '0', 1, 0, 1, 6, '2025-06-02 11:16:56', '2025-06-02 11:16:56', 'img\\products\\1748884616014-WhatsApp_Image_2025-05-13_at_4.01.11_PM.JPG.jpg', 1, 0, 1),
	(266, '2471748885248965', 'Termoanemómetro EM20 (Sypro / Enviro Meters)', 'Termoanemómetro digital modelo EM20 de la marca Sypro, ideal para medir velocidad del aire y temperatura en sistemas de ventilación y aire acondicionado. Herramienta profesional para diagnósticos ambientales y balanceo de flujo de aire. Incluye estuche rígido.', 179, 177, 198, 9, 2700.00, 'MXN', 1, '0', 1, 0, 1, 6, '2025-06-02 11:27:28', '2025-06-02 11:28:00', 'img\\products\\1748885248971-WhatsApp_Image_2025-05-13_at_4.02.00_PM.JPG.jpg', 54, 0, 1),
	(267, '2481748885854222', 'Kit Destornillador Inalámbrico USB Lithium FVD50KM (Ryobi)', 'Kit de destornillador inalámbrico recargable Ryobi USB Lithium modelo FVD50KM. Incluye batería de litio, cable de carga USB, 17 puntas intercambiables, bolsa de herramientas y luz LED dual. Cabezal pivotante para mejor acceso. Ideal para trabajos de ensamblaje y mantenimiento ligero.', 199, 200, 1, 9, 849.00, 'MXN', 1, '0', 1, 0, 1, 6, '2025-06-02 11:37:34', '2025-06-02 11:37:34', 'img\\products\\1748885854227-WhatsApp_Image_2025-05-13_at_4.02.19_PM.JPG.jpg', 1, 0, 1),
	(268, '2491748886357288', 'Soplete de Gas para Soldadura con Válvula de Control', 'Soplete de gas para soldadura fabricado en latón, con válvula de control para regulación de flujo. Ideal para trabajos de plomería, calefacción, aire acondicionado y reparaciones generales que requieren flama directa. Compatible con cartuchos de gas tipo MAP-Pro o propano.', 202, 201, 55, 10, 250.00, 'MXN', 1, '0', 1, 0, 3, 6, '2025-06-02 11:45:57', '2025-06-02 11:48:34', 'img\\products\\1748886357292-WhatsApp_Image_2025-05-13_at_4.06.16_PM_(1).JPG.jpg', 1, 0, 1),
	(269, '2501748886711891', 'Punta para Soplete de Gas Curva de Cobre', 'Punta curva de cobre para soplete de gas, diseñada para direccionar la flama con precisión en trabajos de soldadura y calentamiento. Compatible con sopletes estándar mediante acople de rosca. Ideal para plomería, HVAC y reparaciones generales.', 202, 201, 1, 10, 325.00, 'MXN', 1, '0', 1, 0, 1, 6, '2025-06-02 11:51:51', '2025-06-02 11:51:51', 'img\\products\\1748886711895-WhatsApp_Image_2025-05-13_at_4.06.56_PM.JPG.jpg', 1, 0, 1),
	(270, '2511748891488397', 'Válvula de Alivio para Boiler con Sensor de Temperatura', 'Válvula de alivio de latón con sensor de temperatura incorporado, diseñada para liberar presión en sistemas de calentadores de agua (boilers). Protege contra sobrecalentamiento y exceso de presión, asegurando un funcionamiento seguro.', 203, 55, 204, 9, 529.00, 'MXN', 1, '0', 1, 0, 1, 6, '2025-06-02 13:11:28', '2025-06-02 13:11:28', 'img\\products\\1748891488401-WhatsApp_Image_2025-05-13_at_4.07.08_PM.JPG.jpg', 1, 0, 1),
	(271, '2521748892416982', 'Pegamento para Tubería CPVC 50 ml (Pega-lon)', 'Adhesivo Pega-lon de 50 ml para unir tuberías de CPVC. Ideal para agua caliente (hasta 82 °C) y fría, soporta alta presión hasta tuberías de 4". Viscosidad media, pigmentado en amarillo. Cumple normas NMX y ASTM.', 22, 205, 206, 9, 40.00, 'MXN', 1, '0', 8, 50, 3, 6, '2025-06-02 13:26:57', '2025-06-02 13:41:17', 'img\\products\\1748892416987-WhatsApp_Image_2025-05-13_at_4.07.32_PM.JPG.jpg', 1, 0, 1),
	(272, '2531748892949985', 'Cemento PVC Transparente Baja Presión 50 ml (Foset)', 'Cemento adhesivo transparente Foset de 50 ml para unir tuberías de PVC de baja presión. Ideal para instalaciones de cañería, drenaje y conduit. Secado rápido, viscosidad regular y aplicación en seco. Apto para diámetros de hasta 6".', 22, 205, 206, 9, 90.00, 'MXN', 1, '0', 8, 50, 1, 6, '2025-06-02 13:35:50', '2025-06-02 13:35:50', 'img\\products\\1748892949989-WhatsApp_Image_2025-05-13_at_4.07.48_PM.JPG.jpg', 1, 0, 1),
	(273, '2541748893189652', 'Pegamento Especial para PVC Rígido 60 g (Siler)', 'Pegamento especial Siler de 60 g formulado para unir tuberías de PVC rígido. Ideal para instalaciones hidráulicas y sanitarias de baja presión. Proporciona uniones fuertes y duraderas con aplicación directa. Fabricado en México.', 22, 205, 207, 9, 99.00, 'MXN', 1, '0', 3, 60, 1, 20, '2025-06-02 13:39:49', '2025-06-02 13:43:19', 'img\\products\\1748893189656-WhatsApp_Image_2025-05-13_at_4.07.58_PM.JPG.jpg', 1, 0, 1),
	(274, '2551748893842389', 'Silicón Negro Acético Multipropósito 70 g (Würth)', 'Silicón negro acético multipropósito Würth de 70 g, resistente a temperaturas desde -40 °C hasta 250 °C (intermitente). Ideal para sellado en aplicaciones automotrices, industriales y domésticas. Proporciona uniones flexibles, resistentes a humedad y calor.', 37, 33, 38, 9, 129.00, 'MXN', 1, '0', 3, 70, 1, 6, '2025-06-02 13:50:42', '2025-06-02 13:50:42', 'img\\products\\1748893842394-WhatsApp_Image_2025-05-13_at_4.09.02_PM.JPG.jpg', 1, 0, 1),
	(275, '2561748894071219', 'Pasta para Soldar en Frasco', 'Pasta para soldar en frasco, utilizada como fundente (flux) para facilitar la adhesión del estaño a superficies metálicas. Ideal para trabajos de plomería, electrónica y soldadura de metales no ferrosos. Mejora la fluidez y adherencia del material de aporte.', 22, 205, 1, 9, 50.00, 'MXN', 1, '0', 1, 0, 1, 6, '2025-06-02 13:54:31', '2025-06-02 13:54:31', 'img\\products\\1748894071224-WhatsApp_Image_2025-05-13_at_4.09.24_PM.JPG.jpg', 1, 0, 1),
	(276, '2571748895159742', 'Cemento para PVC Azul 60 ml 222 (Contact)', 'Cemento Contact 222 de 60 ml en color azul para tuberías y conexiones de PVC. De consistencia media y secado rápido, fragua incluso bajo el agua. Apto para cédula 40 hasta 6" y cédula 80 hasta 1 1/4". Ideal para instalaciones hidráulicas y sanitarias.', 22, 205, 207, 9, 60.00, 'MXN', 1, '0', 8, 60, 1, 6, '2025-06-02 14:12:39', '2025-06-02 14:12:39', 'img\\products\\1748895159745-WhatsApp_Image_2025-05-13_at_4.09.48_PM.JPG.jpg', 1, 0, 1),
	(277, '2581748895905989', 'Pasta para Soldar 75 g (Siler)', 'Pasta para soldar marca Siler de 75 g, utilizada como fundente para mejorar la adherencia del estaño en uniones metálicas. Ideal para trabajos de plomería, electrónica y conexiones de cobre. Facilita la limpieza y evita la oxidación durante la soldadura.', 22, 202, 1, 9, 111.00, 'MXN', 1, '0', 3, 75, 1, 3, '2025-06-02 14:25:06', '2025-06-02 14:25:06', 'img\\products\\1748895905993-WhatsApp_Image_2025-05-13_at_4.10.04_PM.JPG.jpg', 1, 0, 1),
	(278, '2591748896199250', 'Cemento para CPVC Enviro 227 118 ml (EZ Weld)', 'Cemento solvente EZ Weld Enviro 227 de 118 ml, diseñado para unir tuberías y conexiones CPVC en sistemas de plomería FlowGuard Gold®. Fórmula de baja emisión VOC, alta resistencia y secado rápido. Ideal para agua caliente y fría en instalaciones residenciales o comerciales.', 22, 205, 206, 9, 90.00, 'MXN', 1, '0', 3, 118, 1, 6, '2025-06-02 14:29:59', '2025-06-02 14:29:59', 'img\\products\\1748896199254-WhatsApp_Image_2025-05-13_at_4.10.20_PM.JPG.jpg', 1, 0, 1),
	(279, '2601748896518029', 'Pegamento Especial para PVC Alta Presión 150 g (Siler)', 'Pegamento especial Siler de 150 g para unir tuberías de PVC de alta presión. Proporciona una adhesión fuerte y duradera en instalaciones hidráulicas y sanitarias, asegurando sellos confiables bajo presión. Ideal para uso residencial, comercial e industrial.', 22, 205, 207, 9, 90.00, 'MXN', 1, '0', 3, 150, 1, 6, '2025-06-02 14:35:18', '2025-06-02 14:35:18', 'img\\products\\1748896518033-WhatsApp_Image_2025-05-13_at_4.10.29_PM.JPG.jpg', 1, 0, 1),
	(280, '2611748896700557', 'Pasta para Soldar 60 g (Truper)', 'Pasta para soldar Truper de 60 g, libre de plomo, ideal para facilitar la unión del estaño en superficies metálicas. Mejora la conductividad y evita la oxidación durante el proceso de soldadura. Recomendado para trabajos de plomería, electrónica y metalurgia ligera.', 22, 202, 208, 9, 100.00, 'MXN', 1, '0', 3, 60, 1, 6, '2025-06-02 14:38:20', '2025-06-02 14:38:20', 'img\\products\\1748896700561-WhatsApp_Image_2025-05-13_at_4.10.38_PM.JPG.jpg', 1, 0, 1),
	(281, '2621748896972887', 'Pasta para Soldar 60 g (Contact)', 'Pasta para soldar marca Contact de 60 g, formulada para facilitar la adhesión del estaño y mejorar la conductividad en uniones metálicas. Ideal para trabajos de plomería, electricidad y electrónica. Nueva generación en fundentes, de fácil aplicación y sin residuos agresivos.', 22, 202, 208, 9, 42.00, 'MXN', 1, '0', 3, 60, 1, 6, '2025-06-02 14:42:52', '2025-06-02 14:42:52', 'img\\products\\1748896972892-WhatsApp_Image_2025-05-13_at_4.10.53_PM.JPG.jpg', 1, 0, 1),
	(282, '2631748897276083', 'Cepillo de Alambre para Limpieza de Tubo Interior/Exterior', 'Cepillo manual doble con cerdas metálicas, diseñado para limpiar tanto el interior como el exterior de tubos antes de soldar. Ideal para tubería de cobre, mejora la adhesión del estaño eliminando óxido y residuos. Uso común en plomería y HVAC.', 22, 209, 29, 9, 280.00, 'MXN', 1, '0', 1, 0, 1, 6, '2025-06-02 14:47:56', '2025-06-02 14:53:45', 'img\\products\\1748897276087-WhatsApp_Image_2025-05-13_at_4.12.10_PM.JPG.jpg', 1, 0, 1),
	(283, '2641748897891755', 'Cepillo Y Martillo de Alambre Manual Tipo Dental', 'Cepillo de alambre manual con mango plástico tipo dental, ideal para limpiar superficies metálicas pequeñas antes de soldar o aplicar adhesivos. Útil en plomería, electrónica, mecánica y mantenimiento general. Cerdas metálicas para eliminar óxido, grasa y residuos.', 109, 29, 164, 9, 200.00, 'MXN', 1, '0', 1, 0, 1, 6, '2025-06-02 14:58:11', '2025-06-02 14:58:11', 'img\\products\\1748897891759-WhatsApp_Image_2025-05-13_at_4.12.32_PM.JPG.jpg', 1, 0, 1),
	(284, '2651748979762778', 'Automático Para Equipo Hidroneumático Presostato', 'Interruptor de presión mecánico universal, utilizado para activar o desactivar automáticamente una bomba de agua según la presión del sistema hidráulico.', 210, 211, 1, 9, 180.00, 'MXN', 1, '0', 1, 0, 1, 6, '2025-06-03 13:42:42', '2025-06-03 13:42:42', 'img\\products\\1748979762790-WhatsApp_Image_2025-05-13_at_4.14.22_PM.JPG.jpg', 1, 0, 1),
	(285, '2661748997053842', 'Masilla Acrílica Beige A242 200g (PPG Deltron)', 'Masilla acrílica beige de 200 g para relleno de superficies en reparación automotriz, ideal para acabados lisos y duraderos en repintado. Formulación PPG Deltron A242.', 33, 39, 1, 9, 416.00, 'MXN', 1, '0', 3, 200, 1, 6, '2025-06-03 18:30:53', '2025-06-03 18:30:53', 'img\\products\\1748997053855-WhatsApp_Image_2025-05-13_at_4.14.40_PM.JPG.jpg', 1, 0, 1),
	(286, '2671748997468315', 'Sellador para Roscas Siler', 'Sellador para roscas en conexiones de plomería, evita fugas y mejora el sellado hermético en tuberías y accesorios roscados.', 22, 205, 212, 9, 70.00, 'MXN', 1, '0', 3, 250, 1, 6, '2025-06-03 18:37:48', '2025-06-03 18:37:48', 'img\\products\\1748997468321-WhatsApp_Image_2025-05-13_at_4.14.56_PM.JPG.jpg', 1, 0, 1),
	(287, '2681748998103123', 'Desengrasante Multiusos (aroma cítrico)', 'Desengrasante multiusos con aroma cítrico, efectivo para eliminar grasas y suciedad en diversas superficies.', 82, 213, 1, 9, 189.00, 'MXN', 1, '0', 7, 1, 1, 6, '2025-06-03 18:48:23', '2025-06-03 18:48:23', 'img\\products\\1748998103129-WhatsApp_Image_2025-05-13_at_4.15.06_PM.jpg', 1, 0, 1),
	(288, '2691748998384208', 'Válvula de Pie de Resorte (Pichancha) 2" Alan (con canastilla de latón o plástico)', 'Válvula de pie de resorte de 2 pulgadas, con opción de canastilla de latón o plástico, para sistemas hidráulicos y de bombeo, evita el retroceso del flujo.', 22, 55, 214, 9, 250.00, 'MXN', 1, '0', 1, 0, 2, 6, '2025-06-03 18:53:04', '2025-06-03 18:53:04', 'img\\products\\1748998384214-WhatsApp_Image_2025-05-13_at_4.15.34_PM.JPG.jpg', 1, 0, 1),
	(289, '2701749092059485', 'Interruptor balancín de  3 posiciones Pequeño', 'Interruptor basculante negro de 3 posiciones para control eléctrico', 88, 146, 1, 9, 9.00, 'MXN', 1, '0', 1, 0, 2, 6, '2025-06-04 20:54:19', '2025-06-04 20:54:19', 'img\\products\\1749092059497-WhatsApp_Image_2025-05-13_at_4.31.30_PM.JPG.jpg', 1, 0, 1),
	(290, '2711749256479387', 'Módulo LED Encapsulado 110V Luz Blanca', 'Módulo LED encapsulado de 4 focos, para conexión directa a 110V, ideal para señalización o iluminación decorativa en interiores y exteriores.', 74, 229, 230, 9, 19.00, 'MXN', 1, '0', 1, 0, 1, 6, '2025-06-06 18:34:39', '2025-06-06 18:34:39', 'img\\products\\1749256479399-WhatsApp_Image_2025-05-13_at_4.30.17_PM.JPG.jpg', 1, 0, 1),
	(291, '2721749257198637', 'Módulo LED Encapsulado 110V Luz Amarilla', 'Módulo LED encapsulado de 4 focos, para conexión directa a 110V, ideal para señalización o iluminación decorativa en interiores y exteriores. Amarillo', 74, 229, 230, 9, 29.00, 'MXN', 1, '0', 1, 0, 3, 6, '2025-06-06 18:46:38', '2025-06-06 18:46:38', 'img\\products\\1749257198642-WhatsApp_Image_2025-05-13_at_4.30.09_PM.JPG.jpg', 1, 0, 1),
	(292, '2731749257311530', 'Módulo LED Encapsulado 110V Luz Roja', 'Módulo LED encapsulado de 4 focos, para conexión directa a 110V, ideal para señalización o iluminación decorativa en interiores y exteriores. Rojo', 74, 229, 230, 9, 19.00, 'MXN', 1, '0', 1, 0, 2, 6, '2025-06-06 18:48:31', '2025-06-06 18:48:31', 'img\\products\\1749257311534-WhatsApp_Image_2025-05-13_at_4.30.00_PM.JPG.jpg', 1, 0, 1),
	(293, '2741749257840896', 'Contactor eléctrico Schneider Electric TeSys Control 3 polos 32A 220V-480V', 'Contactor Schneider Electric TeSys Control de 3 polos, 32 amperios, para de alto rendimiento para sistemas de refrigeración y aire acondicionado, bombas de agua y otras aplicaciones eléctricas o cargas industriales.', 74, 231, 1, 9, 1200.00, 'MXN', 1, '0', 1, 0, 1, 6, '2025-06-06 18:57:20', '2025-06-06 18:57:20', 'img\\products\\1749257840901-WhatsApp_Image_2025-05-13_at_4.25.04_PM.jpg', 1, 0, 1),
	(294, '2751749861423926', 'Disco de corte para metal Grinding 4 1/2"', 'Disco de corte para metal de 115 x 6.4 x 22.23 mm, ideal para cortar acero, hierro y otros metales. Viene con un agujero central de 22.23 mm para ser montado en herramientas eléctricas compatibles.\r\nEste disco está diseñado para cortes rápidos y efectivos en materiales metálicos, proporcionando una excelente precisión.\r\nSe recomienda para trabajos de construcción, mantenimiento y fabricación de estructuras metálicas.', 53, 220, 233, 7, 57.00, 'MXN', 6, '4 1/2"', 1, 0, 1, 6, '2025-06-13 18:37:03', '2025-06-13 18:37:03', 'img\\products\\1749861423935-WhatsApp_Image_2025-05-13_at_5.02.02_PM.JPG.jpg', 1, 0, 1),
	(295, '2761750465707496', 'Soldadora de tubería PPR Tuboplus Rotoplas (110 V) con boquillas intercambiables', 'Soldadora eléctrica para tubería de polipropileno (PPR) de la marca Tuboplus Rotoplas, modelo 110 V, que viene con un juego de boquillas intercambiables de varios diámetros.\r\nSe utiliza para unir tuberías PPR mediante termofusión, garantizando juntas estancas y resistentes.\r\nIdeal para instalaciones de plomería, sistemas de agua potable y calefacción en proyectos residenciales e industriales.', 199, 235, 62, 1, 700.00, 'MXN', 1, '0', 1, 0, 2, 6, '2025-06-20 18:28:27', '2025-06-20 18:28:27', 'img\\products\\1750465707532-WhatsApp_Image_2025-05-13_at_4.33.08_PM_(1).JPG.jpg', 1, 0, 1),
	(296, '2771750465972712', 'Lámpara Fluorescente Compacta Dulux EL Twist 65W (OSRAM)', 'Lámpara fluorescente compacta Dulux EL Twist de la marca OSRAM, potencia de 65W equivalente a 250W incandescente, con luz blanca fría (cool light).\r\nOfrece alta eficiencia energética con hasta 80% de ahorro en consumo eléctrico, y una vida útil aproximada de 10 años.\r\nIdeal para iluminación de interiores residenciales, comerciales o industriales donde se requiera buena luminosidad y bajo consumo de energía.', 74, 229, 236, 1, 200.00, 'MXN', 1, '0', 1, 0, 1, 6, '2025-06-20 18:32:52', '2025-06-20 18:32:52', 'img\\products\\1750465972719-WhatsApp_Image_2025-05-13_at_4.34.25_PM_(1).JPG.jpg', 1, 0, 1),
	(297, '2781750466246848', 'Reflector LED Exterior MAGG KR55 55W 6000K', 'Reflector LED modelo KR55 de la marca MAGG, potencia de 55W, temperatura de color 6000K (luz blanca fría), carcasa gris acero.\r\nDiseñado para uso exterior, cuenta con bajo consumo de energía (54 Wh), conexión 127-220V, 50/60 Hz.\r\nIdeal para iluminación de exteriores, patios, estacionamientos, fachadas o áreas industriales que requieren alta luminosidad y bajo mantenimiento.', 74, 229, 237, 1, 1500.00, 'MXN', 1, '0', 1, 0, 1, 6, '2025-06-20 18:37:26', '2025-06-20 18:37:26', 'img\\products\\1750466246852-WhatsApp_Image_2025-05-13_at_4.35.13_PM_(1).jpg', 1, 0, 1),
	(298, '2791750466422745', 'Reflector LED Exterior Luceco', 'Reflector LED de la marca Luceco, carcasa negra, diseño compacto con múltiples diodos LED integrados, ideal para uso exterior.\r\nProporciona iluminación eficiente y uniforme para áreas abiertas, patios, fachadas o estacionamientos, con bajo consumo energético.\r\nIdeal para instalaciones residenciales, comerciales e industriales que requieren iluminación constante y duradera en exteriores.', 74, 229, 237, 1, 250.00, 'MXN', 1, '0', 1, 0, 2, 6, '2025-06-20 18:40:22', '2025-06-20 18:40:22', 'img\\products\\1750466422750-WhatsApp_Image_2025-05-13_at_4.35.45_PM_(1).JPG.jpg', 1, 0, 1),
	(299, '2801750467131372', 'Lanyard de Seguridad (Línea de Vida) con Ganchos de Doble Seguro', 'Lanyard o eslinga de seguridad (Línea de Vida) fabricado en cinta textil de alta resistencia, equipado con dos ganchos de doble seguro de acero, diseñados para conexión rápida y segura.\r\nSe utiliza como elemento de sujeción en sistemas de detención de caídas, permitiendo al usuario desplazarse con seguridad en trabajos en altura.\r\nIdeal para trabajos de construcción, mantenimiento industrial, telecomunicaciones, instalaciones eléctricas y cualquier tarea que implique riesgo de caída desde alturas.', 95, 238, 239, 1, 200.00, 'MXN', 1, '0', 1, 0, 3, 1, '2025-06-20 18:52:11', '2025-06-20 18:57:06', 'img\\products\\1750467131378-WhatsApp_Image_2025-05-13_at_4.56.55_PM_(1).JPG.jpg', 1, 0, 1),
	(300, '2811750467356463', 'Arnés de Seguridad de Cuerpo Completo', 'Arnés de seguridad de cuerpo completo, fabricado en cinta textil de alta resistencia, incluye anillos de sujeción dorsal y frontal, hebillas metálicas ajustables y refuerzos en costuras.\r\nSe utiliza como parte del sistema de detención de caídas para brindar protección al usuario durante trabajos en altura, distribuyendo las cargas de impacto en caso de caída.\r\nIdeal para trabajos en construcción, mantenimiento industrial, estructuras metálicas, telecomunicaciones y trabajos de riesgo en alturas prolongadas.', 95, 238, 181, 1, 700.00, 'MXN', 1, '0', 1, 0, 2, 6, '2025-06-20 18:55:56', '2025-06-20 18:55:56', 'img\\products\\1750467356473-WhatsApp_Image_2025-05-13_at_4.57.09_PM_(1).jpg', 1, 0, 1),
	(301, '2821750468422701', 'Cepillo tipo copa de alambre trenzado 150 mm (CT-610X) (Truper)', 'Cepillo circular de alambre de acero trenzado, se monta en amoladoras con centro de 22,23 mm; diámetro 150 mm; modelo CT-610X de la marca Truper.\r\nIdeal para eliminar óxido, pintura, soldaduras antiguas y demás adherencias en piezas metálicas.\r\nUso recomendado en preparación de superficies antes de pintar, soldar o aplicar recubrimientos protectores.', 53, 240, 221, 1, 110.00, 'MXN', 1, '0', 1, 0, 1, 6, '2025-06-20 19:13:42', '2025-06-20 19:16:37', 'img\\products\\1750468422706-WhatsApp_Image_2025-05-13_at_4.58.35_PM_(1).JPG.jpg', 1, 0, 1),
	(302, '2831750468866706', 'Disco de Diamante 7" (180mm) Corte Continuo (FOY)', 'Disco de diamante marca FOY de 7 pulgadas (180 mm) de diámetro, con centro de 7/8" (22.23 mm), modelo 143512.\r\nDiseñado para cortes continuos en materiales de construcción de alta dureza, tanto en condiciones húmedas como secas.\r\nIdeal para cortes precisos en cerámica, porcelanato, mármol, granito y concreto.\r\nUso recomendado en construcción, remodelación y trabajos de albañilería profesional.', 53, 240, 219, 1, 370.00, 'MXN', 6, '7"', 1, 0, 1, 6, '2025-06-20 19:21:06', '2025-06-20 19:21:06', 'img\\products\\1750468866711-WhatsApp_Image_2025-05-13_at_4.58.50_PM_(1).JPG.jpg', 1, 0, 1),
	(303, '2841750469101607', 'Disco de desbaste 3-5/32" para piedra (Austromex Easy Cut 1272)', 'Disco de desbaste Austromex Easy Cut, clave 1272, de 3-5/32" (80 mm), espesor 45 mm, eje 15.9 mm - 11 mm.\r\nEspecializado para trabajos de desbaste sobre piedra y materiales pétreos, fabricado bajo norma ANSI B7.1.\r\nIdeal para remoción rápida de material, biselado y ajuste de bordes en mármol, granito y concreto.\r\nUso recomendado en construcción, marmolería y talleres de prefabricados.', 53, 240, 218, 1, 270.00, 'MXN', 6, '3-5/32"', 1, 0, 1, 6, '2025-06-20 19:25:01', '2025-06-20 19:25:01', 'img\\products\\1750469101613-WhatsApp_Image_2025-05-13_at_4.59.01_PM_(1).JPG.jpg', 1, 0, 1),
	(304, '2851750469757081', 'Disco de Desbaste 4-1/2" Línea Ubertrim (Hecort)', 'Disco de desbaste Hecort Línea Ubertrim, referencia 13304 R.BAL, para uso en esmeriladora angular con diámetro de 4-1/2" x 1/4" x 7/8" (115 x 6.4 x 22.23 mm).\r\nEspecializado en desbaste de materiales ferrosos, hierro y acero, cumpliendo norma ANSI B7.1.\r\nIdeal para eliminar rebabas, soldaduras, nivelar superficies metálicas y trabajos de preparación de uniones.\r\nUso recomendado en herrería, fabricación metálica y mantenimiento industrial.', 53, 240, 218, 1, 270.00, 'MXN', 6, '4-1/2"', 1, 0, 1, 6, '2025-06-20 19:35:57', '2025-06-20 19:35:57', 'img\\products\\1750469757086-WhatsApp_Image_2025-05-13_at_5.00.38_PM_(1).JPG.jpg', 1, 0, 1),
	(305, '2861750470209316', 'Disco de Corte 4-1/2" x 3/64" Metal & Inoxidable DCD-108 (Fandeli)', 'Disco de corte Fandeli ECODISC DCD-108, diámetro 4-1/2" (115 mm), espesor 3/64" (1.2 mm), eje 7/8" (22.23 mm), modelo SKU 14550.\r\nDiseñado para cortes precisos en acero al carbono y acero inoxidable, proporcionando alto desempeño y mínima generación de rebaba.\r\nIdeal para trabajos de herrería, estructuras metálicas, construcción, tubería de acero inoxidable y mantenimiento industrial.\r\nUso recomendado en talleres metalmecánicos y trabajos de precisión en acero inoxidable.', 53, 240, 220, 1, 8.00, 'MXN', 6, '4-1/2" x 3/64"', 1, 0, 1, 6, '2025-06-20 19:43:35', '2025-06-20 19:43:35', 'img\\products\\1750470215015-WhatsApp_Image_2025-05-13_at_5.00.48_PM_(1).JPG.jpg', 1, 0, 1),
	(306, '2871750470315376', 'Protector de Disco para Esmeriladora Angular con Seguro Metálico', 'Protector metálico de seguridad para esmeriladora angular, con ajuste de seguro rápido tipo palanca, adaptable a discos de corte o desbaste.\r\nFabricado en acero resistente para protección del operador contra chispas, fragmentos y rebabas durante el trabajo.\r\nIdeal para trabajos de corte, desbaste y pulido en metal, piedra y concreto.\r\nUso recomendado en talleres metalmecánicos, construcción, mantenimiento industrial y herrería.', 53, 241, 1, 1, 149.00, 'MXN', 1, '0', 1, 0, 2, 6, '2025-06-20 19:45:15', '2025-06-20 19:45:15', 'img\\products\\1750470315381-WhatsApp_Image_2025-05-13_at_5.00.59_PM_(1).JPG.jpg', 1, 0, 1),
	(307, '2881750810646213', 'Disco de corte para piedra 5" x 6.0 mm Austromex Clave 1352', 'Disco de corte Austromex modelo Kreator, clave 1352, de 5 pulgadas (125 mm) de diámetro, 6.0 mm de espesor y agujero central de 16.9 mm. Especialmente diseñado para el corte de piedra y materiales pétreos. Ideal para trabajos de construcción, albañilería y mantenimiento donde se requiera un corte preciso y eficiente en materiales de alta dureza.', 53, 240, 242, 1, 22.00, 'MXN', 6, '5\'\'', 1, 0, 1, 6, '2025-06-24 18:17:26', '2025-06-24 18:17:26', 'img\\products\\1750810646230-WhatsApp_Image_2025-05-13_at_5.01.35_PM_(1).JPG.jpg', 1, 0, 1),
	(308, '2891750811008079', 'Disco de corte diamantado segmentado', 'Disco de corte diamantado segmentado, para corte en seco o húmedo de materiales de construcción como concreto, piedra, ladrillo y materiales pétreos. Su borde segmentado permite cortes rápidos con menor calentamiento. Ideal para uso en esmeriladoras angulares o cortadoras de obra.', 53, 240, 219, 1, 72.00, 'MXN', 6, '4"', 1, 0, 1, 6, '2025-06-24 18:23:28', '2025-06-24 18:23:28', 'img\\products\\1750811008085-WhatsApp_Image_2025-05-13_at_5.01.48_PM_(1).JPG.jpg', 1, 0, 1),
	(309, '2901750811505543', 'Disco abrasivo de corte Pretul DICOF-4510P 115 mm Extra Fino', 'Disco abrasivo de corte marca Pretul modelo DICOF-4510P, diámetro de 115 mm (4 1/2"), extra fino, diseñado para cortes rápidos y precisos en metal o acero. Velocidad máxima 13,200 RPM. Ideal para trabajos de herrería, mantenimiento y construcción con esmeriladora angular', 53, 240, 233, 1, 45.00, 'MXN', 6, '4 1/2"', 1, 0, 1, 6, '2025-06-24 18:31:45', '2025-06-24 18:31:45', 'img\\products\\1750811505549-WhatsApp_Image_2025-05-13_at_5.02.32_PM_(1).JPG.jpg', 1, 0, 1),
	(310, '2911750811737870', 'Disco abrasivo tipo copa para desbaste', 'Disco abrasivo tipo copa, para desbaste de superficies metálicas o de concreto. Diseño reforzado para trabajos pesados de remoción de material, limpieza de soldaduras, rebabeo y nivelación de superficies. Se utiliza en esmeriladoras angulares.', 53, 240, 218, 1, 35.00, 'MXN', 1, '0', 1, 0, 2, 6, '2025-06-24 18:35:37', '2025-06-24 18:36:02', 'img\\products\\1750811737876-WhatsApp_Image_2025-05-13_at_5.02.56_PM_(1).JPG.jpg', 1, 0, 1),
	(311, '2921750811980068', 'Disco abrasivo de desbaste Truper Expert ABT-386 4 1/2"', 'Disco abrasivo de desbaste marca Truper Expert modelo ABT-386, diámetro de 4 1/2" (115 mm), espesor 6.5 mm, eje 22.2 mm (7/8"). Ideal para desbaste de metales, ofrece el doble de durabilidad comparado con discos convencionales. Máxima velocidad 13,200 RPM. Uso en esmeriladoras angulares.', 53, 240, 218, 1, 30.00, 'MXN', 6, '4 1/2"', 1, 0, 1, 6, '2025-06-24 18:39:40', '2025-06-24 18:39:40', 'img\\products\\1750811980073-WhatsApp_Image_2025-05-13_at_5.03.22_PM_(1).JPG.jpg', 1, 0, 1),
	(312, '2931750812802899', 'Disco abrasivo Austromex Clave 775 4"', 'Disco abrasivo de desbaste marca Austromex clave 775, diámetro 4" (100 mm aprox.), diseñado para desbaste de metal. Velocidad máxima de trabajo 13,700 RPM. Utilizado en esmeriladoras angulares para trabajos de rebabeo, limpieza de cordones de soldadura y preparación de superficies metálicas.', 53, 240, 218, 1, 9.00, 'MXN', 6, '4"', 1, 0, 1, 6, '2025-06-24 18:53:23', '2025-06-24 18:53:23', 'img\\products\\1750812802903-WhatsApp_Image_2025-05-13_at_5.03.37_PM_(1).JPG.jpg', 1, 0, 1),
	(313, '2941750813482003', 'Disco flap (lija laminado) Tenazit Fastcut 2717 4 1/2"', 'Disco flap Tenazit modelo Fastcut 2717, diámetro 4 1/2" (115 mm), eje 22.23 mm (7/8"), para desbaste y acabado de acero inoxidable y metales. Construcción de láminas abrasivas (tipo lija laminada) para remoción de material y acabado suave en una sola operación. Máxima velocidad 13,300 RPM.', 53, 240, 218, 1, 279.00, 'MXN', 6, '4 1/2"', 1, 0, 1, 6, '2025-06-24 19:04:42', '2025-06-24 19:04:42', 'img\\products\\1750813482015-WhatsApp_Image_2025-05-13_at_5.03.59_PM_(1).JPG.jpg', 1, 0, 1),
	(314, '2951750813802553', 'Disco abrasivo de desbaste Ryobi 4 1/2"', 'Disco abrasivo de desbaste marca Ryobi, diámetro 4 1/2" (115 mm aprox.), diseñado para remoción de material en metales y soldaduras. Cuenta con refuerzos para seguridad y advertencias impresas en varios idiomas. Compatible con esmeriladoras angulares. Ideal para trabajos de limpieza, desbaste y rebabeo en talleres y obra.', 53, 240, 215, 1, 45.00, 'MXN', 6, '4 1/2"', 1, 0, 2, 6, '2025-06-24 19:10:02', '2025-06-24 19:21:17', 'img\\products\\1750813802558-WhatsApp_Image_2025-05-13_at_5.04.18_PM_(1).JPG.jpg', 1, 0, 1),
	(315, '2961750814392025', 'Disco abrasivo de corte extrafino Truper DICOF-4510 4 1/2"', 'Disco abrasivo de corte extrafino marca Truper, modelo DICOF-4510, de 4 1/2" (115 mm) de diámetro, espesor 1 mm, eje 22.23 mm (7/8"). Diseñado para cortes rápidos y limpios en metal. Velocidad máxima 13,300 RPM. Ideal para trabajos de precisión en herrería y mantenimiento industrial.', 53, 240, 233, 1, 45.00, 'MXN', 6, '4 1/2"', 1, 0, 1, 6, '2025-06-24 19:19:52', '2025-06-24 19:19:52', 'img\\products\\1750814392031-WhatsApp_Image_2025-05-13_at_5.04.46_PM_(1).JPG.jpg', 1, 0, 1),
	(316, '2971750814631870', 'Sierra de carburo Tenazit Clave 162 4 1/2"', 'Sierra de carburo Tenazit, clave 162, diámetro 4 1/2" (115 mm), eje 22.2 mm. Diseñada para corte en madera, plásticos y algunos materiales compuestos. Dientes de carburo de tungsteno que ofrecen alta durabilidad y cortes rápidos. Velocidad máxima de trabajo 13,300 RPM. Uso en esmeriladoras angulare', 53, 240, 222, 1, 89.00, 'MXN', 6, '4 1/2"', 1, 0, 1, 6, '2025-06-24 19:23:51', '2025-06-24 19:23:51', 'img\\products\\1750814631875-WhatsApp_Image_2025-05-13_at_5.05.12_PM_(1).JPG.jpg', 1, 0, 1),
	(317, '2981750814952867', 'Disco de desbaste Black+Decker 4 1/2" x 1/4" Tipo 27', 'Disco abrasivo de desbaste marca Black+Decker, tipo 27, diámetro 4 1/2" (115 mm), espesor 6 mm (1/4"), eje 22.2 mm (7/8"). Diseñado para desbaste de metales. Velocidad máxima de trabajo 13,300 RPM. Ideal para trabajos de remoción de material, rebabeo y limpieza de soldaduras en talleres y construcción.', 53, 240, 218, 1, 20.00, 'MXN', 6, '4 1/2"', 1, 0, 1, 6, '2025-06-24 19:29:12', '2025-06-24 19:29:12', 'img\\products\\1750814952872-WhatsApp_Image_2025-05-13_at_5.05.25_PM_(1).JPG.jpg', 1, 0, 1),
	(318, '2991751913867363', 'Maceta de goma', 'Maceta grande de goma para colocación de loseta', 157, 143, 1, 26, 1.00, 'MXN', 1, '0', 1, 0, 4, 6, '2025-07-07 12:44:26', '2025-07-07 12:44:26', 'img\\products\\1751913866019-61eecabc-5be9-4941-915d-643971a0f456.jpg', 1, 0, 1),
	(319, '3001751915366501', 'MARTILLO DE OREJA', 'MARTILLO DE OREJA SIN MANGO', 25, 157, 157, 26, 1.00, 'MXN', 1, '0', 1, 0, 1, 6, '2025-07-07 13:09:27', '2025-07-07 13:09:27', 'img\\products\\1751915366985-db302442-83cc-4990-83c3-db3581a48a95.jpg', 1, 0, 1),
	(320, '3011751915544293', 'MINI MARTILLO DE OREJA', 'MINI MARTILLO DE CARTPINTERO UNO DE LA MARCA PRETUL Y OTRO SIN MARCA', 25, 157, 157, 26, 1.00, 'MXN', 1, '0', 1, 0, 2, 6, '2025-07-07 13:12:25', '2025-07-07 13:12:25', 'img\\products\\1751915545052-2dd07d63-3f34-412a-b89d-ca3a07503cb5.jpg', 1, 0, 1),
	(321, '3021751916063051', 'MACETA', 'MACETA', 25, 157, 157, 26, 1.00, 'MXN', 9, '6', 6, 1, 1, 6, '2025-07-07 13:21:03', '2025-07-07 13:21:03', 'img\\products\\1751916063735-c2b6bd01-8d97-4f0e-bacf-9399b5ecc999.jpg', 1, 0, 1),
	(322, '3031751916255924', 'MACETA', 'MACETA DE 3 LIBRAS', 25, 157, 157, 26, 1.00, 'MXN', 9, '3', 6, 2, 2, 6, '2025-07-07 13:24:15', '2025-07-07 13:24:15', 'img\\products\\1751916255421-f914b5d0-da15-4e1d-94f6-14d157336e91.jpg', 1, 0, 1),
	(323, '3041751916423468', 'MACETA DE 4 LIBRAS', 'MACETA DE 4 LIBRAS', 25, 157, 157, 26, 1.00, 'MXN', 9, '4', 1, 0, 1, 6, '2025-07-07 13:27:08', '2025-07-07 13:27:08', 'img\\products\\1751916428801-6b022ef1-afa5-40fb-a317-5b62c61064e4.jpg', 1, 0, 1),
	(324, '3051751916575770', 'MACETA 1.5 LBS', 'MACEA 1.5 LIBRAS', 25, 157, 157, 26, 1.00, 'MXN', 9, '1.5', 1, 0, 1, 6, '2025-07-07 13:29:36', '2025-07-07 13:29:36', 'img\\products\\1751916576392-944c8a63-ec23-4bae-b1dc-4053122c83b4.jpg', 1, 0, 1),
	(325, '3061751916879875', 'RODILLO PARA TECHOS', 'RODILLO PARA TECHOS', 25, 157, 157, 26, 1.00, 'MXN', 1, '0', 1, 0, 1, 6, '2025-07-07 13:34:40', '2025-07-07 13:34:40', 'img\\products\\1751916880650-70c4452d-20a1-4ddf-a2db-0fbb83ff2063.jpg', 1, 0, 1);

-- Dumping structure for table tiendaonline.shelfs
CREATE TABLE IF NOT EXISTS `shelfs` (
  `Shelf_Id` int(11) NOT NULL AUTO_INCREMENT,
  `Name` varchar(250) DEFAULT NULL,
  `Description` varchar(250) DEFAULT NULL,
  `x_value` int(10) NOT NULL,
  `y_value` int(10) NOT NULL,
  `z_value` int(10) NOT NULL,
  `Image_Path` varchar(255) DEFAULT NULL,
  `AlmaceId` int(11) DEFAULT NULL,
  PRIMARY KEY (`Shelf_Id`) USING BTREE
) ENGINE=InnoDB AUTO_INCREMENT=27 DEFAULT CHARSET=latin1 COLLATE=latin1_swedish_ci;

-- Dumping data for table tiendaonline.shelfs: ~24 rows (approximately)
REPLACE INTO `shelfs` (`Shelf_Id`, `Name`, `Description`, `x_value`, `y_value`, `z_value`, `Image_Path`, `AlmaceId`) VALUES
	(1, 'A', 'Pared Izquierda, Repisa Superior Izquierda (1.2m X 58cm alto X 46cm fondo )', 120, 58, 46, NULL, NULL),
	(2, 'B', 'Pared Izquierda, Repisa Superior Derecha (2.95 m X 58cm alto X 40cm fondo )', 295, 58, 40, NULL, NULL),
	(3, 'C', 'Pared Izquierda, Repisa Superior,  Mueble Izquierdo (1.4m X 35cm alto X 43cm fondo)', 140, 35, 43, NULL, NULL),
	(4, 'D', 'Pared Izquierda, Repisa,  Mueble Izquierdo (1.40m X 35cm alto X 43cm fondo)', 140, 35, 43, NULL, NULL),
	(5, 'E', 'Pared Izquierda, Piso,  Mueble Izquierdo (1.40m X 32cm alto)', 140, 32, 50, NULL, NULL),
	(6, 'F', 'Pared Izquierda, Repisa Superior, Mueble  Medio (92 cm X 60cm alto X 60cm fondo)', 92, 60, 60, NULL, NULL),
	(7, 'G', 'Pared Izquierda, Repisa,  Mueble Medio (92cm X 23cm alto X 60cm fondo)', 92, 23, 60, NULL, NULL),
	(8, 'H', 'Pared Izquierda, Repisa,  Mueble Medio (92cm X 23cm alto X 60cm fondo)', 92, 23, 60, NULL, NULL),
	(9, 'I', 'Pared Izquierda, Repisa Superior,  Mueble Derecho (1.5m X 60 alto X 42cm fondo)', 150, 60, 42, NULL, NULL),
	(10, 'J', 'Pared Izquierda, Repisa,  Mueble Derecho (1.5m X 35cm alto X 42cm fondo )', 150, 35, 42, NULL, NULL),
	(11, 'K', 'Repisa Superior Fondo (2.4m X 40cm alto X 25cm fondo)', 240, 40, 25, NULL, NULL),
	(12, 'L', 'Repisa Fondo (2.4m X 49cm alto X 25cm  fondo)', 240, 49, 25, NULL, NULL),
	(13, 'M', 'Repisa Media Fondo (2.4m X 38cm alto X 33cm fondo)', 240, 38, 33, NULL, NULL),
	(14, 'N', 'Repisa Baja Fondo (2.4m X 38cm alto X 38cm fondo)', 240, 38, 38, NULL, NULL),
	(15, 'Ñ', 'Repisa Piso Fondo (2.4m X 58cm alto)', 240, 58, 50, NULL, NULL),
	(16, 'O', 'Pared Derecha, Repisa Superior, Mueble Izquierdo  (79cm X 44cm alto X 30cm fondo )', 79, 44, 30, NULL, NULL),
	(17, 'P', 'Pared Derecha, Repisa, Mueble Izquierdo (79cm X 35 alto X 30cm fondo)', 79, 35, 30, NULL, NULL),
	(18, 'Q', 'Pared Derecha, Repisa, Mueble Izuierdo (79cm X 27cm alto X 30cm fondo )', 79, 27, 30, NULL, NULL),
	(19, 'R', 'Pared Derecha, Repisa, Mueble Izquierdo (79cm X 27cm alto X 30cm fondo )', 79, 27, 30, NULL, NULL),
	(20, 'S', 'Pared Derecha, Repisa, Mueble Izquierdo (79cm X 35cm alto X 30cm fondo)', 79, 35, 30, NULL, NULL),
	(21, 'T', 'Pared Derecha, Repisa, Mueble Izquierdo (79cm X 35cm X 30cm fondo)', 79, 35, 30, NULL, NULL),
	(22, 'U', 'Pared Derecha, Repisa Superior (2.3m X 42cm alto, 37cm fondo)', 230, 42, 37, NULL, NULL),
	(23, 'V', 'Pared Derecha, Repisa (2.4m X 36cm alto X 39cm fondo)', 240, 36, 39, NULL, NULL),
	(24, 'W', 'Pared Derecha, Repisa Media (2.4m X 37cm alto, 28cm fondo)', 240, 37, 28, NULL, NULL),
	(25, 'X', 'Pared Derecha, Piso (2.4m X 40cm alto)', 240, 40, 50, NULL, NULL),
	(26, 'Ninguna\r\n', 'Sin Repisa', 0, 0, 0, NULL, NULL);

-- Dumping structure for table tiendaonline.units
CREATE TABLE IF NOT EXISTS `units` (
  `Unit_Id` int(11) NOT NULL AUTO_INCREMENT,
  `Name` varchar(255) CHARACTER SET utf8mb4 COLLATE utf8mb4_unicode_ci DEFAULT NULL,
  PRIMARY KEY (`Unit_Id`) USING BTREE
) ENGINE=InnoDB AUTO_INCREMENT=25 DEFAULT CHARSET=latin1 COLLATE=latin1_swedish_ci;

-- Dumping data for table tiendaonline.units: ~23 rows (approximately)
REPLACE INTO `units` (`Unit_Id`, `Name`) VALUES
	(1, 'Sin Unidad'),
	(2, 'Miligramos'),
	(3, 'Gramos'),
	(4, 'Kilogramos'),
	(5, 'Toneladas'),
	(6, 'Pieza'),
	(7, 'Litros'),
	(8, 'Mililitros'),
	(9, 'Galónes'),
	(10, 'Onza líquida'),
	(11, 'Pares'),
	(13, 'Barril'),
	(14, 'Pulgadas'),
	(15, 'Pies'),
	(16, 'Milímetros'),
	(17, 'Metros'),
	(18, 'Centímetros'),
	(19, 'Caja'),
	(20, 'Paquete'),
	(21, 'Juegos'),
	(22, 'Latas'),
	(23, 'Rollos'),
	(24, 'Libras');

-- Dumping structure for table tiendaonline.usuarios
CREATE TABLE IF NOT EXISTS `usuarios` (
  `Usuario_Id` int(10) unsigned NOT NULL AUTO_INCREMENT,
  `Nombre` varchar(50) DEFAULT NULL,
  `password` varchar(255) NOT NULL,
  `Email` varchar(255) NOT NULL,
  PRIMARY KEY (`Usuario_Id`)
) ENGINE=InnoDB AUTO_INCREMENT=6 DEFAULT CHARSET=latin1 COLLATE=latin1_swedish_ci;

-- Dumping data for table tiendaonline.usuarios: ~2 rows (approximately)
REPLACE INTO `usuarios` (`Usuario_Id`, `Nombre`, `password`, `Email`) VALUES
	(1, 'Ricardo', '$2b$10$0x/PPc95rJK3Vnzh5bb0O.4cYEekt5.BTv/GUTvl7AVn6mBCLpQ9W', 'ricardoxmen@live.com.mx'),
	(3, 'Ciber', '$2b$10$dHxDWWlqHsnnbjqKeoEvMuIPkkMJoT1sir/AxhTCG6juuIk9oAr.a', 'ciberuzonne@outlook.com'),
	(4, 'Admin25', '$2b$10$HoxbBsWt0TJa4GKYKF3Twuv6Dbl2AUbwpkSob6SsCQqVLkmUp5QEi', 'gatito23@outlook.com'),
	(5, 'Thunktshy', '$2b$10$hgsnp8POUfQOXuHTSsi6zeu4GUYMgD55jzkMKG8Sp3Cs6eUNhpCli', 'ricardo.floresv34@my.united.edu.mx');

/*!40103 SET TIME_ZONE=IFNULL(@OLD_TIME_ZONE, 'system') */;
/*!40101 SET SQL_MODE=IFNULL(@OLD_SQL_MODE, '') */;
/*!40014 SET FOREIGN_KEY_CHECKS=IFNULL(@OLD_FOREIGN_KEY_CHECKS, 1) */;
/*!40101 SET CHARACTER_SET_CLIENT=@OLD_CHARACTER_SET_CLIENT */;
/*!40111 SET SQL_NOTES=IFNULL(@OLD_SQL_NOTES, 1) */;
